Date,Close,High,Low,Open,market_era,halving_cycle,Volume_mln
2014-09-17,457.3,468.2,452.4,465.9,Pre_Institutional,1,21.1
2014-09-18,424.4,456.9,413.1,456.9,Pre_Institutional,1,34.5
2014-09-19,394.8,427.8,384.5,424.1,Pre_Institutional,1,37.9
2014-09-20,408.9,423.3,389.9,394.7,Pre_Institutional,1,36.9
2014-09-21,398.8,412.4,393.2,408.1,Pre_Institutional,1,26.6
2014-09-22,402.2,406.9,397.1,399.1,Pre_Institutional,1,24.1
2014-09-23,435.8,441.6,396.2,402.1,Pre_Institutional,1,45.1
2014-09-24,423.2,436.1,421.1,435.8,Pre_Institutional,1,30.6
2014-09-25,411.6,423.5,409.5,423.2,Pre_Institutional,1,26.8
2014-09-26,404.4,414.9,400.0,411.4,Pre_Institutional,1,21.5
2014-09-27,399.5,406.6,397.4,403.6,Pre_Institutional,1,15.0
2014-09-28,377.2,401.0,374.3,399.5,Pre_Institutional,1,23.6
2014-09-29,375.5,385.2,372.2,376.9,Pre_Institutional,1,32.5
2014-09-30,386.9,391.0,373.4,376.1,Pre_Institutional,1,34.7
2014-10-01,383.6,391.4,380.8,387.4,Pre_Institutional,1,26.2
2014-10-02,375.1,385.5,372.9,384.0,Pre_Institutional,1,21.8
2014-10-03,359.5,377.7,357.9,375.2,Pre_Institutional,1,30.9
2014-10-04,328.9,364.5,325.9,359.9,Pre_Institutional,1,47.2
2014-10-05,320.5,341.8,289.3,328.9,Pre_Institutional,1,83.3
2014-10-06,330.1,345.1,302.6,320.4,Pre_Institutional,1,79.0
2014-10-07,336.2,339.2,320.5,330.6,Pre_Institutional,1,49.2
2014-10-08,352.9,354.4,327.2,336.1,Pre_Institutional,1,54.7
2014-10-09,365.0,382.7,347.7,352.7,Pre_Institutional,1,83.6
2014-10-10,361.6,375.1,353.0,364.7,Pre_Institutional,1,43.7
2014-10-11,362.3,367.2,356.0,361.4,Pre_Institutional,1,13.3
2014-10-12,378.5,379.4,356.1,362.6,Pre_Institutional,1,17.6
2014-10-13,390.4,397.2,368.9,377.9,Pre_Institutional,1,35.2
2014-10-14,400.9,411.7,391.3,391.7,Pre_Institutional,1,38.5
2014-10-15,394.8,402.2,388.8,401.0,Pre_Institutional,1,25.3
2014-10-16,382.6,398.8,373.1,394.5,Pre_Institutional,1,27.0
2014-10-17,383.8,385.5,375.4,382.8,Pre_Institutional,1,13.6
2014-10-18,391.4,395.2,379.0,384.0,Pre_Institutional,1,11.4
2014-10-19,389.5,393.9,386.5,391.3,Pre_Institutional,1,5.9
2014-10-20,382.8,390.1,378.3,389.2,Pre_Institutional,1,16.4
2014-10-21,386.5,392.6,380.8,382.4,Pre_Institutional,1,14.2
2014-10-22,383.2,388.6,382.2,386.1,Pre_Institutional,1,11.6
2014-10-23,358.4,385.0,356.4,383.0,Pre_Institutional,1,26.5
2014-10-24,358.3,364.3,353.3,358.6,Pre_Institutional,1,15.6
2014-10-25,347.3,359.9,342.9,358.6,Pre_Institutional,1,18.1
2014-10-26,354.7,359.2,343.9,347.5,Pre_Institutional,1,11.3
2014-10-27,353.0,358.6,349.8,354.8,Pre_Institutional,1,13.0
2014-10-28,357.6,360.0,352.7,353.2,Pre_Institutional,1,7.8
2014-10-29,335.6,357.8,335.3,357.1,Pre_Institutional,1,18.2
2014-10-30,345.3,350.9,335.1,335.7,Pre_Institutional,1,30.2
2014-10-31,338.3,348.0,337.1,345.0,Pre_Institutional,1,12.5
2014-11-01,325.7,340.5,321.1,338.6,Pre_Institutional,1,16.7
2014-11-02,325.9,329.0,320.6,326.1,Pre_Institutional,1,8.6
2014-11-03,327.6,334.0,325.5,325.6,Pre_Institutional,1,12.9
2014-11-04,330.5,331.8,325.1,327.2,Pre_Institutional,1,15.7
2014-11-05,339.5,343.4,330.7,330.7,Pre_Institutional,1,19.8
2014-11-06,349.3,353.0,338.4,339.5,Pre_Institutional,1,18.8
2014-11-07,342.4,352.7,341.8,349.8,Pre_Institutional,1,16.8
2014-11-08,345.5,347.0,342.2,342.2,Pre_Institutional,1,8.5
2014-11-09,363.3,363.6,344.3,345.4,Pre_Institutional,1,24.2
2014-11-10,366.9,374.8,357.6,362.3,Pre_Institutional,1,30.5
2014-11-11,367.7,371.3,363.7,365.9,Pre_Institutional,1,15.8
2014-11-12,423.6,429.7,368.0,368.0,Pre_Institutional,1,45.8
2014-11-13,420.7,457.1,401.1,427.3,Pre_Institutional,1,58.9
2014-11-14,397.8,419.3,384.8,418.4,Pre_Institutional,1,29.6
2014-11-15,376.1,405.5,371.0,399.6,Pre_Institutional,1,15.7
2014-11-16,387.9,390.8,374.6,374.7,Pre_Institutional,1,11.9
2014-11-17,387.4,410.2,377.5,388.3,Pre_Institutional,1,41.5
2014-11-18,375.2,392.4,371.1,387.8,Pre_Institutional,1,32.2
2014-11-19,380.6,386.5,373.9,373.9,Pre_Institutional,1,18.9
2014-11-20,357.8,382.0,356.8,380.3,Pre_Institutional,1,25.2
2014-11-21,350.8,357.9,344.1,357.9,Pre_Institutional,1,29.9
2014-11-22,352.9,364.8,350.9,351.6,Pre_Institutional,1,15.3
2014-11-23,367.6,370.8,353.2,353.2,Pre_Institutional,1,15.2
2014-11-24,376.9,387.2,366.7,366.9,Pre_Institutional,1,30.9
2014-11-25,375.3,394.7,374.8,376.9,Pre_Institutional,1,25.4
2014-11-26,368.4,377.7,365.8,376.0,Pre_Institutional,1,18.6
2014-11-27,369.7,374.0,368.3,370.5,Pre_Institutional,1,8.7
2014-11-28,376.4,382.8,358.5,369.4,Pre_Institutional,1,22.9
2014-11-29,375.5,387.6,372.1,376.2,Pre_Institutional,1,15.4
2014-11-30,378.0,382.5,373.3,375.5,Pre_Institutional,1,9.2
2014-12-01,379.2,383.7,376.7,378.2,Pre_Institutional,1,11.8
2014-12-02,381.3,384.0,377.9,379.2,Pre_Institutional,1,12.4
2014-12-03,375.0,383.0,374.3,381.7,Pre_Institutional,1,13.3
2014-12-04,369.6,378.7,367.8,375.7,Pre_Institutional,1,14.5
2014-12-05,376.9,379.2,365.8,369.4,Pre_Institutional,1,15.2
2014-12-06,374.8,378.4,370.9,376.8,Pre_Institutional,1,7.0
2014-12-07,375.1,376.3,373.3,374.8,Pre_Institutional,1,6.5
2014-12-08,361.9,376.0,361.9,375.0,Pre_Institutional,1,18.9
2014-12-09,352.2,363.1,345.0,361.9,Pre_Institutional,1,32.9
2014-12-10,346.4,352.4,346.4,352.2,Pre_Institutional,1,16.4
2014-12-11,350.5,361.4,338.8,344.3,Pre_Institutional,1,32.4
2014-12-12,352.5,353.0,349.3,350.8,Pre_Institutional,1,17.0
2014-12-13,347.4,352.4,346.6,352.4,Pre_Institutional,1,11.7
2014-12-14,351.6,353.3,345.4,346.7,Pre_Institutional,1,12.4
2014-12-15,345.3,351.8,344.9,351.4,Pre_Institutional,1,17.3
2014-12-16,327.1,345.9,327.1,345.7,Pre_Institutional,1,30.9
2014-12-17,319.8,334.0,315.2,326.9,Pre_Institutional,1,37.6
2014-12-18,311.4,323.7,304.2,319.8,Pre_Institutional,1,39.2
2014-12-19,317.8,318.5,306.8,311.2,Pre_Institutional,1,23.8
2014-12-20,330.0,330.3,316.0,317.6,Pre_Institutional,1,20.9
2014-12-21,320.8,329.6,318.9,329.5,Pre_Institutional,1,15.2
2014-12-22,331.9,334.1,320.4,321.1,Pre_Institutional,1,22.3
2014-12-23,334.6,336.3,329.6,332.0,Pre_Institutional,1,16.6
2014-12-24,322.5,334.7,321.4,334.4,Pre_Institutional,1,15.1
2014-12-25,319.0,322.7,317.0,322.3,Pre_Institutional,1,9.9
2014-12-26,327.9,331.4,316.6,319.2,Pre_Institutional,1,16.4
2014-12-27,315.9,328.9,312.6,327.6,Pre_Institutional,1,15.2
2014-12-28,317.2,320.0,311.1,316.2,Pre_Institutional,1,11.7
2014-12-29,312.7,320.3,312.3,317.7,Pre_Institutional,1,12.3
2014-12-30,310.7,314.8,309.4,312.7,Pre_Institutional,1,12.5
2014-12-31,320.2,320.2,310.2,310.9,Pre_Institutional,1,13.9
2015-01-01,314.2,320.4,314.0,320.4,Pre_Institutional,1,8.0
2015-01-02,315.0,315.8,313.6,314.1,Pre_Institutional,1,7.9
2015-01-03,281.1,315.1,281.1,314.8,Pre_Institutional,1,33.1
2015-01-04,264.2,287.2,257.6,281.1,Pre_Institutional,1,55.6
2015-01-05,274.5,278.3,265.1,265.1,Pre_Institutional,1,44.0
2015-01-06,286.2,287.6,272.7,274.6,Pre_Institutional,1,23.2
2015-01-07,294.3,298.8,283.1,286.1,Pre_Institutional,1,24.9
2015-01-08,283.3,294.1,282.2,294.1,Pre_Institutional,1,20.0
2015-01-09,290.4,291.1,280.5,282.4,Pre_Institutional,1,18.7
2015-01-10,274.8,288.1,274.0,287.3,Pre_Institutional,1,15.3
2015-01-11,265.7,279.6,265.0,274.6,Pre_Institutional,1,18.2
2015-01-12,267.8,272.2,265.2,266.1,Pre_Institutional,1,18.9
2015-01-13,225.9,268.3,219.9,267.4,Pre_Institutional,1,72.8
2015-01-14,178.1,223.9,171.5,223.9,Pre_Institutional,1,97.6
2015-01-15,209.8,229.1,176.9,176.9,Pre_Institutional,1,81.8
2015-01-16,208.1,221.6,199.8,209.1,Pre_Institutional,1,38.4
2015-01-17,199.3,211.7,194.9,207.8,Pre_Institutional,1,23.5
2015-01-18,210.3,218.7,194.5,200.1,Pre_Institutional,1,30.1
2015-01-19,214.9,216.7,207.3,211.5,Pre_Institutional,1,18.7
2015-01-20,211.3,215.2,205.2,212.9,Pre_Institutional,1,24.1
2015-01-21,226.9,227.8,211.2,211.4,Pre_Institutional,1,29.9
2015-01-22,233.4,237.0,226.4,227.3,Pre_Institutional,1,33.5
2015-01-23,232.9,234.8,225.2,233.5,Pre_Institutional,1,24.6
2015-01-24,247.8,248.2,230.0,232.7,Pre_Institutional,1,24.8
2015-01-25,253.7,255.1,243.9,247.4,Pre_Institutional,1,33.6
2015-01-26,273.5,309.4,254.1,254.1,Pre_Institutional,1,106.8
2015-01-27,263.5,275.5,250.7,273.2,Pre_Institutional,1,44.4
2015-01-28,233.9,266.5,227.0,263.4,Pre_Institutional,1,44.4
2015-01-29,233.5,238.7,220.7,233.3,Pre_Institutional,1,32.2
2015-01-30,226.4,242.9,225.8,232.8,Pre_Institutional,1,26.6
2015-01-31,217.5,233.5,216.3,226.4,Pre_Institutional,1,23.3
2015-02-01,227.0,231.6,212.0,216.9,Pre_Institutional,1,29.1
2015-02-02,238.2,242.2,222.7,226.5,Pre_Institutional,1,30.6
2015-02-03,227.3,246.0,224.5,237.5,Pre_Institutional,1,40.8
2015-02-04,226.9,230.1,221.1,227.5,Pre_Institutional,1,26.6
2015-02-05,217.1,239.4,214.7,227.7,Pre_Institutional,1,22.5
2015-02-06,222.3,230.5,216.2,216.9,Pre_Institutional,1,24.4
2015-02-07,227.8,230.3,222.6,222.6,Pre_Institutional,1,21.6
2015-02-08,223.4,229.4,221.1,227.7,Pre_Institutional,1,17.1
2015-02-09,220.1,224.0,217.0,223.4,Pre_Institutional,1,27.8
2015-02-10,219.8,221.8,215.3,220.3,Pre_Institutional,1,21.1
2015-02-11,219.2,223.4,218.1,219.7,Pre_Institutional,1,17.2
2015-02-12,221.8,222.2,217.6,219.2,Pre_Institutional,1,15.2
2015-02-13,235.4,240.3,221.3,222.0,Pre_Institutional,1,42.7
2015-02-14,257.3,259.8,235.5,235.5,Pre_Institutional,1,49.7
2015-02-15,234.8,265.6,227.7,257.5,Pre_Institutional,1,56.6
2015-02-16,233.8,239.5,229.0,234.8,Pre_Institutional,1,28.2
2015-02-17,243.6,245.8,232.3,233.4,Pre_Institutional,1,27.4
2015-02-18,236.3,244.3,232.3,243.8,Pre_Institutional,1,25.2
2015-02-19,240.3,242.7,235.6,236.4,Pre_Institutional,1,18.3
2015-02-20,243.8,247.1,239.3,240.3,Pre_Institutional,1,23.9
2015-02-21,244.5,255.3,243.2,243.8,Pre_Institutional,1,12.3
2015-02-22,236.0,246.4,233.9,244.5,Pre_Institutional,1,19.5
2015-02-23,238.9,240.1,232.4,236.0,Pre_Institutional,1,16.4
2015-02-24,238.7,239.9,236.4,239.0,Pre_Institutional,1,14.2
2015-02-25,237.5,239.3,235.5,238.9,Pre_Institutional,1,11.5
2015-02-26,236.4,237.7,234.3,237.3,Pre_Institutional,1,13.6
2015-02-27,253.8,256.7,236.4,236.4,Pre_Institutional,1,44.0
2015-02-28,254.3,254.7,249.5,253.5,Pre_Institutional,1,13.9
2015-03-01,260.2,261.7,245.9,254.3,Pre_Institutional,1,25.2
2015-03-02,275.7,276.3,258.3,260.4,Pre_Institutional,1,40.5
2015-03-03,281.7,285.8,268.2,275.0,Pre_Institutional,1,50.5
2015-03-04,273.1,284.2,268.1,282.0,Pre_Institutional,1,41.4
2015-03-05,276.2,281.7,264.8,272.7,Pre_Institutional,1,41.3
2015-03-06,272.7,277.6,270.0,275.6,Pre_Institutional,1,28.9
2015-03-07,276.3,277.9,270.1,272.3,Pre_Institutional,1,17.8
2015-03-08,274.4,277.9,272.6,276.4,Pre_Institutional,1,22.1
2015-03-09,289.6,292.7,273.9,274.8,Pre_Institutional,1,59.2
2015-03-10,291.8,300.0,289.7,289.9,Pre_Institutional,1,67.8
2015-03-11,296.4,297.4,290.5,291.5,Pre_Institutional,1,34.0
2015-03-12,294.4,297.1,292.4,296.1,Pre_Institutional,1,32.6
2015-03-13,285.3,294.5,285.3,294.1,Pre_Institutional,1,31.4
2015-03-14,281.9,286.3,281.0,284.4,Pre_Institutional,1,22.6
2015-03-15,286.4,286.5,281.0,281.4,Pre_Institutional,1,12.0
2015-03-16,290.6,294.1,285.7,285.7,Pre_Institutional,1,21.5
2015-03-17,285.5,292.4,284.4,290.6,Pre_Institutional,1,21.5
2015-03-18,256.3,285.3,249.9,285.1,Pre_Institutional,1,57.0
2015-03-19,260.9,264.2,248.6,255.9,Pre_Institutional,1,52.7
2015-03-20,261.7,264.8,259.2,261.0,Pre_Institutional,1,18.5
2015-03-21,260.0,262.2,255.6,261.6,Pre_Institutional,1,17.1
2015-03-22,268.0,269.7,259.6,259.9,Pre_Institutional,1,18.4
2015-03-23,266.7,277.3,261.7,267.9,Pre_Institutional,1,22.8
2015-03-24,245.6,267.0,244.2,266.6,Pre_Institutional,1,40.1
2015-03-25,246.2,249.2,236.5,247.5,Pre_Institutional,1,35.9
2015-03-26,248.5,254.4,244.9,246.3,Pre_Institutional,1,25.7
2015-03-27,247.0,256.8,245.2,248.6,Pre_Institutional,1,17.3
2015-03-28,252.8,254.2,247.0,247.0,Pre_Institutional,1,16.0
2015-03-29,242.7,253.1,240.9,252.7,Pre_Institutional,1,21.7
2015-03-30,247.5,249.2,239.2,242.9,Pre_Institutional,1,23.0
2015-03-31,244.2,248.7,242.7,247.5,Pre_Institutional,1,22.7
2015-04-01,247.3,247.5,241.2,244.2,Pre_Institutional,1,22.9
2015-04-02,253.0,254.5,245.4,247.1,Pre_Institutional,1,26.3
2015-04-03,254.3,256.0,251.9,253.1,Pre_Institutional,1,23.1
2015-04-04,253.7,255.3,251.1,254.3,Pre_Institutional,1,12.5
2015-04-05,260.6,260.7,251.9,253.8,Pre_Institutional,1,19.6
2015-04-06,255.5,261.8,254.6,260.7,Pre_Institutional,1,20.0
2015-04-07,253.2,255.8,252.2,255.3,Pre_Institutional,1,18.5
2015-04-08,245.0,253.8,244.2,253.1,Pre_Institutional,1,30.1
2015-04-09,243.7,246.1,239.4,244.8,Pre_Institutional,1,21.6
2015-04-10,236.1,243.7,232.8,243.7,Pre_Institutional,1,28.9
2015-04-11,236.6,239.5,234.2,236.0,Pre_Institutional,1,16.4
2015-04-12,236.2,237.7,233.5,236.5,Pre_Institutional,1,12.4
2015-04-13,224.6,236.9,222.0,235.9,Pre_Institutional,1,31.2
2015-04-14,219.2,225.0,216.3,224.8,Pre_Institutional,1,31.7
2015-04-15,223.8,223.8,218.6,219.1,Pre_Institutional,1,22.6
2015-04-16,228.6,229.7,223.9,223.9,Pre_Institutional,1,24.8
2015-04-17,222.9,228.9,221.9,228.6,Pre_Institutional,1,20.4
2015-04-18,223.4,224.3,220.9,222.9,Pre_Institutional,1,12.9
2015-04-19,222.6,226.4,222.4,223.5,Pre_Institutional,1,15.0
2015-04-20,224.6,226.4,222.0,222.6,Pre_Institutional,1,18.4
2015-04-21,235.3,235.3,224.3,224.6,Pre_Institutional,1,25.0
2015-04-22,234.2,237.9,233.5,235.6,Pre_Institutional,1,23.8
2015-04-23,236.5,236.5,233.2,234.1,Pre_Institutional,1,17.0
2015-04-24,231.3,236.3,229.9,236.0,Pre_Institutional,1,21.4
2015-04-25,226.4,232.6,226.3,231.2,Pre_Institutional,1,14.0
2015-04-26,219.4,226.9,214.9,226.4,Pre_Institutional,1,28.9
2015-04-27,229.3,233.3,218.0,219.4,Pre_Institutional,1,38.6
2015-04-28,225.9,229.5,223.1,229.0,Pre_Institutional,1,21.5
2015-04-29,225.8,227.0,223.4,225.6,Pre_Institutional,1,18.9
2015-04-30,236.1,239.6,225.0,225.7,Pre_Institutional,1,33.8
2015-05-01,232.1,239.0,232.1,235.9,Pre_Institutional,1,18.8
2015-05-02,234.9,235.7,232.3,232.3,Pre_Institutional,1,12.5
2015-05-03,240.4,243.2,234.1,234.9,Pre_Institutional,1,18.5
2015-05-04,239.0,242.6,237.8,240.4,Pre_Institutional,1,21.2
2015-05-05,236.1,239.2,232.1,238.9,Pre_Institutional,1,23.9
2015-05-06,229.8,236.5,229.2,236.2,Pre_Institutional,1,29.6
2015-05-07,237.3,239.1,228.6,229.7,Pre_Institutional,1,29.1
2015-05-08,243.9,246.3,236.3,237.2,Pre_Institutional,1,27.4
2015-05-09,241.8,247.8,239.6,243.8,Pre_Institutional,1,19.8
2015-05-10,240.3,244.1,238.8,241.7,Pre_Institutional,1,15.0
2015-05-11,242.2,244.3,239.4,240.3,Pre_Institutional,1,20.9
2015-05-12,241.1,242.9,240.1,242.1,Pre_Institutional,1,19.3
2015-05-13,236.4,243.7,235.0,241.4,Pre_Institutional,1,27.2
2015-05-14,236.9,237.8,234.1,236.2,Pre_Institutional,1,24.4
2015-05-15,237.6,238.8,236.8,237.0,Pre_Institutional,1,16.3
2015-05-16,236.2,237.7,235.3,237.6,Pre_Institutional,1,11.1
2015-05-17,236.8,238.0,236.0,236.0,Pre_Institutional,1,11.1
2015-05-18,233.1,237.2,232.5,236.9,Pre_Institutional,1,16.8
2015-05-19,231.9,234.2,231.8,233.0,Pre_Institutional,1,14.2
2015-05-20,234.0,234.7,231.8,231.9,Pre_Institutional,1,15.5
2015-05-21,235.3,236.2,233.8,234.0,Pre_Institutional,1,15.1
2015-05-22,240.3,241.0,235.1,235.3,Pre_Institutional,1,27.0
2015-05-23,238.9,241.0,238.7,240.3,Pre_Institutional,1,14.6
2015-05-24,241.0,242.0,238.8,239.0,Pre_Institutional,1,11.5
2015-05-25,237.1,241.0,236.6,240.9,Pre_Institutional,1,14.4
2015-05-26,237.1,238.2,235.7,237.1,Pre_Institutional,1,16.4
2015-05-27,237.3,238.6,236.7,237.1,Pre_Institutional,1,18.8
2015-05-28,237.4,237.8,236.7,237.3,Pre_Institutional,1,13.8
2015-05-29,237.1,237.5,235.7,237.4,Pre_Institutional,1,14.8
2015-05-30,233.3,237.1,232.0,237.1,Pre_Institutional,1,14.1
2015-05-31,230.2,233.3,229.5,233.1,Pre_Institutional,1,14.7
2015-06-01,222.9,231.7,221.3,230.2,Pre_Institutional,1,26.1
2015-06-02,225.8,226.4,222.4,222.9,Pre_Institutional,1,20.5
2015-06-03,225.9,227.4,223.9,225.7,Pre_Institutional,1,17.8
2015-06-04,224.3,226.6,224.1,225.8,Pre_Institutional,1,14.7
2015-06-05,225.0,226.0,223.2,224.2,Pre_Institutional,1,18.1
2015-06-06,225.6,225.7,224.4,225.0,Pre_Institutional,1,11.1
2015-06-07,222.9,226.2,222.7,225.6,Pre_Institutional,1,13.3
2015-06-08,228.5,229.5,222.8,222.9,Pre_Institutional,1,23.4
2015-06-09,229.0,231.0,227.9,228.5,Pre_Institutional,1,28.4
2015-06-10,228.8,229.8,228.0,229.0,Pre_Institutional,1,15.9
2015-06-11,229.7,230.3,228.8,228.9,Pre_Institutional,1,14.4
2015-06-12,230.0,231.1,229.3,229.7,Pre_Institutional,1,14.0
2015-06-13,232.4,232.7,229.2,229.9,Pre_Institutional,1,13.3
2015-06-14,233.5,234.9,232.0,232.4,Pre_Institutional,1,12.2
2015-06-15,236.8,237.8,233.4,233.4,Pre_Institutional,1,19.9
2015-06-16,250.9,251.7,236.1,236.8,Pre_Institutional,1,41.6
2015-06-17,249.3,256.9,246.5,250.8,Pre_Institutional,1,43.9
2015-06-18,249.0,252.1,244.1,249.4,Pre_Institutional,1,31.0
2015-06-19,244.6,251.0,243.8,249.0,Pre_Institutional,1,24.0
2015-06-20,245.2,245.8,240.6,244.5,Pre_Institutional,1,20.6
2015-06-21,243.9,245.2,241.9,245.1,Pre_Institutional,1,10.6
2015-06-22,247.0,247.9,243.8,244.0,Pre_Institutional,1,17.7
2015-06-23,244.3,247.3,243.1,246.9,Pre_Institutional,1,15.1
2015-06-24,240.5,244.3,240.5,244.3,Pre_Institutional,1,17.3
2015-06-25,242.8,243.3,240.4,240.4,Pre_Institutional,1,16.1
2015-06-26,243.6,243.7,241.6,242.6,Pre_Institutional,1,14.0
2015-06-27,251.0,251.3,243.1,243.5,Pre_Institutional,1,20.5
2015-06-28,249.0,251.2,247.4,251.0,Pre_Institutional,1,15.1
2015-06-29,257.1,257.2,248.6,248.7,Pre_Institutional,1,34.7
2015-06-30,263.1,267.9,255.9,257.0,Pre_Institutional,1,44.5
2015-07-01,258.6,265.2,255.8,263.3,Pre_Institutional,1,27.0
2015-07-02,255.4,261.6,254.1,258.6,Pre_Institutional,1,21.6
2015-07-03,256.3,257.1,253.5,255.5,Pre_Institutional,1,19.0
2015-07-04,260.9,261.5,254.2,256.5,Pre_Institutional,1,15.6
2015-07-05,271.9,274.5,258.7,260.8,Pre_Institutional,1,44.2
2015-07-06,269.0,277.4,267.6,271.1,Pre_Institutional,1,49.2
2015-07-07,266.2,271.3,264.8,270.0,Pre_Institutional,1,28.9
2015-07-08,270.8,273.0,264.4,266.0,Pre_Institutional,1,37.0
2015-07-09,269.2,272.3,267.1,270.8,Pre_Institutional,1,40.3
2015-07-10,284.9,294.6,268.8,269.2,Pre_Institutional,1,100.4
2015-07-11,293.1,298.5,283.5,284.9,Pre_Institutional,1,41.1
2015-07-12,310.9,314.4,292.5,293.1,Pre_Institutional,1,56.4
2015-07-13,292.1,310.9,281.0,310.8,Pre_Institutional,1,62.1
2015-07-14,287.5,296.1,286.6,292.0,Pre_Institutional,1,28.7
2015-07-15,285.8,293.2,285.4,288.0,Pre_Institutional,1,27.5
2015-07-16,278.1,291.2,275.2,286.0,Pre_Institutional,1,49.5
2015-07-17,279.5,280.3,272.0,278.1,Pre_Institutional,1,27.6
2015-07-18,274.9,282.5,274.1,279.3,Pre_Institutional,1,25.2
2015-07-19,273.6,275.7,272.5,274.8,Pre_Institutional,1,15.3
2015-07-20,279.0,279.0,273.0,273.5,Pre_Institutional,1,22.7
2015-07-21,275.8,280.5,275.4,278.9,Pre_Institutional,1,22.9
2015-07-22,277.2,277.7,274.4,275.7,Pre_Institutional,1,19.4
2015-07-23,276.0,278.1,275.7,277.3,Pre_Institutional,1,18.5
2015-07-24,288.3,289.3,275.3,276.0,Pre_Institutional,1,37.2
2015-07-25,288.7,290.7,286.0,288.2,Pre_Institutional,1,20.7
2015-07-26,292.7,293.1,287.7,288.6,Pre_Institutional,1,16.0
2015-07-27,293.6,297.8,287.5,292.6,Pre_Institutional,1,30.6
2015-07-28,294.4,296.6,293.4,293.6,Pre_Institutional,1,25.5
2015-07-29,289.6,294.5,288.8,294.5,Pre_Institutional,1,24.7
2015-07-30,287.7,290.1,286.6,289.1,Pre_Institutional,1,21.6
2015-07-31,284.6,289.0,282.3,287.7,Pre_Institutional,1,23.6
2015-08-01,281.6,284.9,278.1,284.7,Pre_Institutional,1,19.0
2015-08-02,282.6,283.0,277.5,280.4,Pre_Institutional,1,17.7
2015-08-03,281.2,285.5,280.2,282.8,Pre_Institutional,1,21.5
2015-08-04,285.2,285.7,281.2,281.2,Pre_Institutional,1,21.9
2015-08-05,281.9,285.5,281.5,284.8,Pre_Institutional,1,20.1
2015-08-06,278.6,281.9,278.4,281.9,Pre_Institutional,1,18.8
2015-08-07,279.6,280.4,276.4,278.7,Pre_Institutional,1,42.5
2015-08-08,261.0,279.9,260.7,279.7,Pre_Institutional,1,58.5
2015-08-09,265.1,267.0,260.5,261.1,Pre_Institutional,1,23.8
2015-08-10,264.5,267.0,262.6,265.5,Pre_Institutional,1,21.0
2015-08-11,270.4,270.4,264.1,264.3,Pre_Institutional,1,25.4
2015-08-12,266.4,270.7,265.5,270.6,Pre_Institutional,1,26.8
2015-08-13,264.1,266.2,262.8,266.2,Pre_Institutional,1,27.7
2015-08-14,265.7,267.5,261.5,264.1,Pre_Institutional,1,27.1
2015-08-15,261.6,266.7,261.3,265.5,Pre_Institutional,1,19.3
2015-08-16,258.5,262.4,257.0,261.9,Pre_Institutional,1,29.7
2015-08-17,258.0,260.5,257.1,258.5,Pre_Institutional,1,21.6
2015-08-18,211.1,258.0,211.1,257.9,Pre_Institutional,1,42.1
2015-08-19,226.7,237.4,222.8,225.7,Pre_Institutional,1,60.9
2015-08-20,235.4,237.4,226.9,226.9,Pre_Institutional,1,32.3
2015-08-21,232.6,236.4,231.7,235.4,Pre_Institutional,1,23.2
2015-08-22,230.4,235.0,222.7,232.7,Pre_Institutional,1,23.2
2015-08-23,228.2,232.7,225.6,230.4,Pre_Institutional,1,18.4
2015-08-24,210.5,228.1,210.4,228.1,Pre_Institutional,1,59.2
2015-08-25,221.6,226.3,199.6,210.1,Pre_Institutional,1,61.1
2015-08-26,225.8,231.2,220.2,222.1,Pre_Institutional,1,31.8
2015-08-27,224.8,228.6,223.7,226.1,Pre_Institutional,1,21.9
2015-08-28,231.4,235.2,220.9,224.7,Pre_Institutional,1,31.3
2015-08-29,229.8,233.2,227.3,231.5,Pre_Institutional,1,17.1
2015-08-30,228.8,232.1,226.2,229.9,Pre_Institutional,1,19.4
2015-08-31,230.1,232.0,225.9,229.1,Pre_Institutional,1,20.7
2015-09-01,228.1,231.2,226.9,230.3,Pre_Institutional,1,20.6
2015-09-02,229.3,230.6,226.5,228.0,Pre_Institutional,1,18.8
2015-09-03,227.2,229.6,226.7,229.3,Pre_Institutional,1,17.5
2015-09-04,230.3,230.9,227.1,227.2,Pre_Institutional,1,21.0
2015-09-05,235.0,236.1,229.4,230.2,Pre_Institutional,1,20.7
2015-09-06,239.8,242.9,234.7,234.9,Pre_Institutional,1,25.5
2015-09-07,239.8,242.1,238.7,239.9,Pre_Institutional,1,21.2
2015-09-08,243.6,245.8,239.7,239.8,Pre_Institutional,1,26.9
2015-09-09,238.2,244.4,237.8,243.4,Pre_Institutional,1,23.6
2015-09-10,238.5,241.3,235.8,238.3,Pre_Institutional,1,21.2
2015-09-11,240.1,241.2,238.3,238.3,Pre_Institutional,1,19.2
2015-09-12,235.2,240.1,234.8,239.9,Pre_Institutional,1,18.0
2015-09-13,230.5,235.9,229.3,235.2,Pre_Institutional,1,18.5
2015-09-14,230.6,232.4,228.0,230.6,Pre_Institutional,1,21.0
2015-09-15,230.3,259.2,229.8,230.5,Pre_Institutional,1,19.2
2015-09-16,229.1,231.2,227.4,230.2,Pre_Institutional,1,20.1
2015-09-17,229.8,230.3,228.9,229.1,Pre_Institutional,1,18.9
2015-09-18,233.0,234.4,232.2,233.5,Pre_Institutional,1,20.2
2015-09-19,231.5,233.2,231.1,232.9,Pre_Institutional,1,12.7
2015-09-20,231.2,232.4,230.9,231.4,Pre_Institutional,1,14.4
2015-09-21,227.1,231.2,226.5,231.2,Pre_Institutional,1,19.7
2015-09-22,230.6,232.4,225.1,227.0,Pre_Institutional,1,25.0
2015-09-23,230.3,231.8,229.6,230.9,Pre_Institutional,1,17.3
2015-09-24,234.5,235.6,230.3,230.4,Pre_Institutional,1,25.1
2015-09-25,235.1,237.4,233.7,234.4,Pre_Institutional,1,22.4
2015-09-26,234.3,235.4,233.4,235.1,Pre_Institutional,1,13.7
2015-09-27,232.8,234.5,232.5,234.1,Pre_Institutional,1,14.2
2015-09-28,239.1,239.3,232.5,232.8,Pre_Institutional,1,24.7
2015-09-29,236.7,239.8,235.9,239.0,Pre_Institutional,1,22.7
2015-09-30,236.1,237.7,235.6,236.6,Pre_Institutional,1,19.7
2015-10-01,237.5,238.4,235.6,236.0,Pre_Institutional,1,20.5
2015-10-02,237.3,238.5,236.6,237.3,Pre_Institutional,1,19.7
2015-10-03,238.7,239.3,236.9,237.2,Pre_Institutional,1,16.5
2015-10-04,238.3,239.0,237.9,238.5,Pre_Institutional,1,13.0
2015-10-05,240.4,240.4,237.0,238.1,Pre_Institutional,1,23.3
2015-10-06,246.1,246.9,240.1,240.4,Pre_Institutional,1,27.5
2015-10-07,243.0,246.7,242.6,246.2,Pre_Institutional,1,23.0
2015-10-08,242.3,244.3,242.2,243.1,Pre_Institutional,1,18.5
2015-10-09,243.9,244.2,242.1,242.5,Pre_Institutional,1,17.4
2015-10-10,244.9,245.3,243.1,243.7,Pre_Institutional,1,15.9
2015-10-11,247.1,247.2,244.2,244.7,Pre_Institutional,1,16.8
2015-10-12,245.3,247.5,245.2,246.9,Pre_Institutional,1,17.4
2015-10-13,249.5,250.2,243.8,245.2,Pre_Institutional,1,28.2
2015-10-14,252.0,254.3,248.9,249.5,Pre_Institutional,1,27.5
2015-10-15,254.3,256.0,252.0,252.1,Pre_Institutional,1,25.2
2015-10-16,262.9,266.1,253.9,254.3,Pre_Institutional,1,35.9
2015-10-17,270.6,273.6,262.4,262.7,Pre_Institutional,1,43.2
2015-10-18,261.6,271.7,260.8,270.9,Pre_Institutional,1,22.4
2015-10-19,263.4,264.8,261.0,261.9,Pre_Institutional,1,25.3
2015-10-20,269.5,270.8,263.2,263.6,Pre_Institutional,1,30.9
2015-10-21,266.3,270.8,263.8,269.3,Pre_Institutional,1,25.6
2015-10-22,274.0,276.5,266.1,266.5,Pre_Institutional,1,37.8
2015-10-23,276.5,278.7,273.5,273.6,Pre_Institutional,1,29.4
2015-10-24,281.7,281.7,276.5,276.5,Pre_Institutional,1,25.9
2015-10-25,283.7,294.1,281.4,281.4,Pre_Institutional,1,45.7
2015-10-26,285.3,285.3,280.5,283.6,Pre_Institutional,1,32.1
2015-10-27,293.8,296.2,285.0,285.2,Pre_Institutional,1,46.3
2015-10-28,304.6,306.3,293.7,293.7,Pre_Institutional,1,50.8
2015-10-29,313.9,318.2,301.8,304.3,Pre_Institutional,1,64.5
2015-10-30,328.0,334.2,313.9,313.9,Pre_Institutional,1,78.3
2015-10-31,314.2,332.8,309.3,328.5,Pre_Institutional,1,48.6
2015-11-01,325.4,327.5,311.9,315.0,Pre_Institutional,1,37.0
2015-11-02,361.2,365.4,323.2,325.9,Pre_Institutional,1,101.9
2015-11-03,403.4,417.9,357.6,361.9,Pre_Institutional,1,206.2
2015-11-04,411.6,495.6,380.5,403.7,Pre_Institutional,1,263.9
2015-11-05,386.4,447.6,374.6,408.1,Pre_Institutional,1,151.8
2015-11-06,374.5,395.8,354.0,388.0,Pre_Institutional,1,122.7
2015-11-07,386.5,390.6,372.4,374.3,Pre_Institutional,1,56.6
2015-11-08,373.4,389.9,368.7,384.3,Pre_Institutional,1,51.8
2015-11-09,380.3,385.3,362.9,374.3,Pre_Institutional,1,68.2
2015-11-10,336.8,381.4,329.1,380.0,Pre_Institutional,1,95.8
2015-11-11,311.1,340.6,301.0,339.8,Pre_Institutional,1,107.1
2015-11-12,338.2,345.1,313.4,314.1,Pre_Institutional,1,78.5
2015-11-13,336.8,340.9,326.1,338.5,Pre_Institutional,1,52.0
2015-11-14,332.9,338.2,330.0,336.6,Pre_Institutional,1,38.6
2015-11-15,320.2,334.7,317.5,333.1,Pre_Institutional,1,44.2
2015-11-16,330.8,331.6,315.9,319.7,Pre_Institutional,1,48.0
2015-11-17,335.1,338.4,329.6,330.4,Pre_Institutional,1,51.0
2015-11-18,334.6,336.5,330.6,334.6,Pre_Institutional,1,43.8
2015-11-19,326.1,335.3,325.3,334.7,Pre_Institutional,1,45.0
2015-11-20,322.0,326.5,312.2,326.4,Pre_Institutional,1,53.2
2015-11-21,326.9,328.2,319.6,322.1,Pre_Institutional,1,28.2
2015-11-22,324.5,327.0,321.3,327.0,Pre_Institutional,1,23.4
2015-11-23,323.0,325.1,321.3,324.4,Pre_Institutional,1,27.5
2015-11-24,320.0,323.1,318.1,323.0,Pre_Institutional,1,29.4
2015-11-25,328.2,329.1,316.8,320.0,Pre_Institutional,1,41.7
2015-11-26,352.7,366.8,328.2,328.3,Pre_Institutional,1,106.1
2015-11-27,358.0,363.6,347.9,351.9,Pre_Institutional,1,55.2
2015-11-28,357.4,359.5,352.2,357.1,Pre_Institutional,1,36.8
2015-11-29,371.3,371.9,355.7,357.5,Pre_Institutional,1,40.4
2015-11-30,377.3,382.4,370.4,371.4,Pre_Institutional,1,71.7
2015-12-01,362.5,378.9,356.6,377.4,Pre_Institutional,1,60.5
2015-12-02,359.2,362.2,349.5,361.8,Pre_Institutional,1,54.2
2015-12-03,361.0,370.3,357.4,359.3,Pre_Institutional,1,50.7
2015-12-04,363.2,363.5,355.8,361.3,Pre_Institutional,1,35.8
2015-12-05,388.9,389.8,363.2,363.7,Pre_Institutional,1,66.3
2015-12-06,388.8,402.8,387.1,389.6,Pre_Institutional,1,77.8
2015-12-07,395.5,400.0,385.4,390.0,Pre_Institutional,1,63.5
2015-12-08,415.6,415.6,390.0,395.8,Pre_Institutional,1,57.8
2015-12-09,417.6,423.1,406.3,414.4,Pre_Institutional,1,90.9
2015-12-10,415.5,419.5,411.5,418.0,Pre_Institutional,1,52.1
2015-12-11,451.9,451.9,415.3,415.3,Pre_Institutional,1,110.9
2015-12-12,435.0,469.1,410.7,452.3,Pre_Institutional,1,132.0
2015-12-13,433.8,441.7,426.3,431.7,Pre_Institutional,1,55.1
2015-12-14,444.2,447.1,430.5,433.3,Pre_Institutional,1,130.5
2015-12-15,465.3,465.3,443.9,443.9,Pre_Institutional,1,83.1
2015-12-16,454.9,465.2,443.9,465.2,Pre_Institutional,1,107.9
2015-12-17,456.1,457.9,448.9,454.8,Pre_Institutional,1,48.0
2015-12-18,463.6,465.2,454.9,455.8,Pre_Institutional,1,60.2
2015-12-19,462.3,465.6,456.8,463.6,Pre_Institutional,1,47.9
2015-12-20,442.7,462.6,434.3,462.2,Pre_Institutional,1,75.4
2015-12-21,438.6,444.7,427.3,442.8,Pre_Institutional,1,77.6
2015-12-22,436.6,443.7,435.5,437.4,Pre_Institutional,1,50.8
2015-12-23,442.4,444.5,436.6,436.7,Pre_Institutional,1,47.2
2015-12-24,455.0,458.5,443.1,443.1,Pre_Institutional,1,57.2
2015-12-25,455.7,458.3,452.1,454.9,Pre_Institutional,1,39.1
2015-12-26,417.3,457.5,405.8,455.8,Pre_Institutional,1,116.2
2015-12-27,422.8,424.0,408.9,416.5,Pre_Institutional,1,53.6
2015-12-28,422.3,429.8,418.5,423.3,Pre_Institutional,1,49.6
2015-12-29,433.0,433.0,420.6,422.1,Pre_Institutional,1,51.6
2015-12-30,426.6,434.4,422.1,433.3,Pre_Institutional,1,46.9
2015-12-31,430.6,432.9,418.7,425.9,Pre_Institutional,1,46.0
2016-01-01,434.3,436.2,427.5,430.7,Pre_Institutional,1,36.3
2016-01-02,433.4,436.1,431.9,434.6,Pre_Institutional,1,30.1
2016-01-03,430.0,433.7,424.7,433.6,Pre_Institutional,1,39.6
2016-01-04,433.1,434.5,429.1,430.1,Pre_Institutional,1,38.5
2016-01-05,432.0,434.2,429.7,433.1,Pre_Institutional,1,34.5
2016-01-06,429.1,431.9,426.3,431.9,Pre_Institutional,1,34.0
2016-01-07,458.0,458.8,429.1,430.0,Pre_Institutional,1,87.6
2016-01-08,453.2,462.9,447.9,457.5,Pre_Institutional,1,57.0
2016-01-09,447.6,454.6,446.9,453.4,Pre_Institutional,1,32.3
2016-01-10,448.0,448.3,440.4,448.2,Pre_Institutional,1,36.0
2016-01-11,448.4,450.7,443.9,448.7,Pre_Institutional,1,40.4
2016-01-12,435.7,448.2,435.7,448.2,Pre_Institutional,1,115.6
2016-01-13,432.4,435.2,424.4,434.7,Pre_Institutional,1,173.9
2016-01-14,430.3,433.3,427.8,432.3,Pre_Institutional,1,43.9
2016-01-15,364.3,430.3,364.3,430.3,Pre_Institutional,1,153.4
2016-01-16,387.5,390.6,354.9,365.1,Pre_Institutional,1,120.4
2016-01-17,382.3,391.0,380.1,387.2,Pre_Institutional,1,45.3
2016-01-18,387.2,388.1,376.7,381.7,Pre_Institutional,1,54.4
2016-01-19,380.1,387.7,379.0,387.0,Pre_Institutional,1,46.8
2016-01-20,420.2,425.3,376.6,379.7,Pre_Institutional,1,121.7
2016-01-21,410.3,422.9,406.3,419.6,Pre_Institutional,1,68.3
2016-01-22,382.5,410.4,375.3,409.8,Pre_Institutional,1,91.5
2016-01-23,387.5,394.5,382.0,382.4,Pre_Institutional,1,56.2
2016-01-24,403.0,405.5,387.5,388.1,Pre_Institutional,1,54.8
2016-01-25,391.7,402.3,388.6,402.3,Pre_Institutional,1,59.1
2016-01-26,392.2,397.8,390.6,392.0,Pre_Institutional,1,58.1
2016-01-27,395.0,396.8,391.8,392.4,Pre_Institutional,1,47.4
2016-01-28,380.3,395.5,379.7,395.1,Pre_Institutional,1,59.2
2016-01-29,379.5,384.4,365.5,380.1,Pre_Institutional,1,86.1
2016-01-30,378.3,380.9,376.5,378.9,Pre_Institutional,1,30.3
2016-01-31,368.8,380.3,367.8,378.3,Pre_Institutional,1,37.9
2016-02-01,373.1,378.1,368.0,369.4,Pre_Institutional,1,51.7
2016-02-02,374.4,375.9,372.9,372.9,Pre_Institutional,1,40.4
2016-02-03,369.9,375.0,368.0,374.6,Pre_Institutional,1,45.9
2016-02-04,389.6,391.6,370.0,370.2,Pre_Institutional,1,69.3
2016-02-05,386.5,391.1,385.6,388.9,Pre_Institutional,1,43.8
2016-02-06,376.5,386.6,372.4,386.6,Pre_Institutional,1,49.2
2016-02-07,376.6,380.9,374.9,376.5,Pre_Institutional,1,37.1
2016-02-08,373.4,379.9,373.3,376.8,Pre_Institutional,1,47.7
2016-02-09,376.0,377.2,372.9,373.4,Pre_Institutional,1,55.3
2016-02-10,381.6,385.5,375.8,376.1,Pre_Institutional,1,85.1
2016-02-11,379.7,383.1,376.4,382.1,Pre_Institutional,1,74.4
2016-02-12,384.3,385.0,379.6,379.7,Pre_Institutional,1,67.0
2016-02-13,391.9,391.9,384.6,384.6,Pre_Institutional,1,61.9
2016-02-14,407.2,407.2,392.9,392.9,Pre_Institutional,1,74.5
2016-02-15,400.2,410.4,397.7,407.6,Pre_Institutional,1,74.1
2016-02-16,407.5,408.9,401.4,401.4,Pre_Institutional,1,73.1
2016-02-17,416.3,421.2,406.8,407.7,Pre_Institutional,1,83.2
2016-02-18,422.4,426.0,415.6,416.6,Pre_Institutional,1,76.8
2016-02-19,420.8,423.1,417.6,422.7,Pre_Institutional,1,55.7
2016-02-20,437.2,442.0,421.6,421.6,Pre_Institutional,1,94.0
2016-02-21,438.8,448.0,429.1,437.8,Pre_Institutional,1,89.8
2016-02-22,437.7,439.0,432.9,439.0,Pre_Institutional,1,85.4
2016-02-23,420.7,439.9,417.8,438.3,Pre_Institutional,1,85.2
2016-02-24,425.0,425.5,413.9,421.0,Pre_Institutional,1,67.7
2016-02-25,424.5,427.7,420.4,425.0,Pre_Institutional,1,70.8
2016-02-26,432.2,432.2,421.6,424.6,Pre_Institutional,1,61.5
2016-02-27,432.5,434.2,428.1,432.8,Pre_Institutional,1,41.9
2016-02-28,433.5,435.7,423.8,432.6,Pre_Institutional,1,53.0
2016-02-29,437.7,441.5,431.7,433.4,Pre_Institutional,1,60.7
2016-03-01,435.1,439.7,432.3,437.9,Pre_Institutional,1,74.9
2016-03-02,424.0,435.9,424.0,435.1,Pre_Institutional,1,75.0
2016-03-03,421.7,425.4,419.4,423.9,Pre_Institutional,1,100.5
2016-03-04,410.9,425.2,410.9,421.8,Pre_Institutional,1,90.9
2016-03-05,400.6,411.3,394.0,410.8,Pre_Institutional,1,135.4
2016-03-06,407.7,411.9,395.8,400.5,Pre_Institutional,1,91.2
2016-03-07,414.3,415.9,406.3,407.8,Pre_Institutional,1,85.8
2016-03-08,414.0,416.2,411.1,414.5,Pre_Institutional,1,70.3
2016-03-09,414.9,416.0,411.6,413.9,Pre_Institutional,1,70.0
2016-03-10,417.1,417.5,413.3,414.7,Pre_Institutional,1,81.0
2016-03-11,421.7,423.9,417.0,417.2,Pre_Institutional,1,74.0
2016-03-12,411.6,421.8,410.1,421.6,Pre_Institutional,1,92.7
2016-03-13,414.1,416.6,411.6,411.6,Pre_Institutional,1,74.3
2016-03-14,416.4,416.7,414.2,414.2,Pre_Institutional,1,95.3
2016-03-15,416.8,418.1,415.0,416.4,Pre_Institutional,1,66.8
2016-03-16,417.0,417.7,415.9,416.9,Pre_Institutional,1,65.2
2016-03-17,420.6,421.0,417.9,417.9,Pre_Institutional,1,83.5
2016-03-18,409.5,420.5,406.1,420.5,Pre_Institutional,1,104.9
2016-03-19,410.4,411.0,407.2,409.3,Pre_Institutional,1,58.4
2016-03-20,413.8,414.6,410.4,410.4,Pre_Institutional,1,45.9
2016-03-21,413.3,413.4,410.4,413.4,Pre_Institutional,1,61.7
2016-03-22,418.1,418.4,412.5,413.1,Pre_Institutional,1,66.8
2016-03-23,418.0,419.3,417.4,418.2,Pre_Institutional,1,61.4
2016-03-24,416.4,418.7,415.5,418.4,Pre_Institutional,1,68.3
2016-03-25,417.2,418.1,415.6,416.5,Pre_Institutional,1,52.6
2016-03-26,417.9,419.0,416.3,417.4,Pre_Institutional,1,44.7
2016-03-27,426.8,428.8,417.7,418.1,Pre_Institutional,1,71.2
2016-03-28,424.2,426.9,423.3,426.5,Pre_Institutional,1,68.5
2016-03-29,416.5,426.2,412.7,424.3,Pre_Institutional,1,75.4
2016-03-30,414.8,416.8,412.5,416.8,Pre_Institutional,1,66.0
2016-03-31,416.7,418.4,415.3,415.3,Pre_Institutional,1,60.2
2016-04-01,418.0,418.2,415.8,416.8,Pre_Institutional,1,51.2
2016-04-02,420.9,422.1,418.4,418.4,Pre_Institutional,1,45.7
2016-04-03,420.9,421.6,419.7,421.2,Pre_Institutional,1,38.1
2016-04-04,421.4,422.3,419.6,421.3,Pre_Institutional,1,50.6
2016-04-05,424.0,424.3,420.6,421.0,Pre_Institutional,1,60.7
2016-04-06,423.4,424.5,422.7,424.3,Pre_Institutional,1,59.1
2016-04-07,422.7,423.7,420.5,423.6,Pre_Institutional,1,57.9
2016-04-08,420.3,425.4,419.6,422.9,Pre_Institutional,1,63.5
2016-04-09,419.4,420.9,416.5,420.8,Pre_Institutional,1,49.8
2016-04-10,421.6,422.4,419.3,419.6,Pre_Institutional,1,73.5
2016-04-11,422.5,422.7,420.5,421.9,Pre_Institutional,1,50.7
2016-04-12,425.2,427.3,422.8,422.8,Pre_Institutional,1,70.7
2016-04-13,423.7,426.7,422.9,425.6,Pre_Institutional,1,69.1
2016-04-14,424.3,425.4,423.0,423.9,Pre_Institutional,1,45.3
2016-04-15,429.7,429.9,424.4,424.4,Pre_Institutional,1,54.8
2016-04-16,430.6,432.6,429.0,429.6,Pre_Institutional,1,39.4
2016-04-17,427.4,431.4,426.1,430.6,Pre_Institutional,1,52.1
2016-04-18,428.6,429.3,427.1,427.6,Pre_Institutional,1,55.7
2016-04-19,435.5,436.0,428.1,428.7,Pre_Institutional,1,52.8
2016-04-20,441.4,443.1,434.4,435.3,Pre_Institutional,1,72.9
2016-04-21,449.4,450.5,441.0,441.4,Pre_Institutional,1,68.2
2016-04-22,445.7,449.8,444.1,449.7,Pre_Institutional,1,58.8
2016-04-23,450.3,450.3,444.3,445.9,Pre_Institutional,1,50.5
2016-04-24,458.6,460.1,448.9,450.6,Pre_Institutional,1,68.2
2016-04-25,461.4,466.6,453.6,459.1,Pre_Institutional,1,87.1
2016-04-26,466.1,468.0,461.6,461.6,Pre_Institutional,1,79.0
2016-04-27,444.7,467.1,444.1,466.3,Pre_Institutional,1,93.6
2016-04-28,449.0,449.6,436.6,445.0,Pre_Institutional,1,74.1
2016-04-29,455.1,455.4,446.0,449.4,Pre_Institutional,1,49.3
2016-04-30,448.3,455.6,447.7,455.2,Pre_Institutional,1,69.3
2016-05-01,451.9,452.5,447.9,448.5,Pre_Institutional,1,40.7
2016-05-02,444.7,452.4,441.8,451.9,Pre_Institutional,1,92.1
2016-05-03,450.3,451.1,442.6,444.7,Pre_Institutional,1,59.4
2016-05-04,446.7,450.4,445.6,450.2,Pre_Institutional,1,50.4
2016-05-05,448.0,448.5,445.9,446.7,Pre_Institutional,1,50.4
2016-05-06,459.6,461.4,447.1,447.9,Pre_Institutional,1,72.8
2016-05-07,458.5,460.7,457.3,459.6,Pre_Institutional,1,38.4
2016-05-08,458.5,459.4,456.0,458.4,Pre_Institutional,1,40.3
2016-05-09,460.5,462.5,456.5,458.2,Pre_Institutional,1,55.5
2016-05-10,450.9,461.9,449.0,460.5,Pre_Institutional,1,59.0
2016-05-11,452.7,454.6,450.9,450.9,Pre_Institutional,1,50.6
2016-05-12,454.8,454.9,449.2,452.4,Pre_Institutional,1,59.8
2016-05-13,455.7,457.1,453.5,454.9,Pre_Institutional,1,60.8
2016-05-14,455.7,456.8,454.8,455.8,Pre_Institutional,1,37.2
2016-05-15,457.6,458.7,455.5,455.8,Pre_Institutional,1,28.5
2016-05-16,454.2,458.2,452.9,457.6,Pre_Institutional,1,59.2
2016-05-17,453.8,455.1,453.6,454.0,Pre_Institutional,1,64.1
2016-05-18,454.6,456.0,453.3,453.7,Pre_Institutional,1,86.9
2016-05-19,438.7,454.6,438.7,454.5,Pre_Institutional,1,96.0
2016-05-20,442.7,444.1,437.4,437.8,Pre_Institutional,1,82.0
2016-05-21,443.2,443.8,441.7,443.0,Pre_Institutional,1,42.8
2016-05-22,439.3,443.4,439.0,443.2,Pre_Institutional,1,39.7
2016-05-23,444.2,444.3,438.8,439.3,Pre_Institutional,1,50.6
2016-05-24,446.0,447.1,443.9,444.3,Pre_Institutional,1,65.8
2016-05-25,449.6,450.3,446.1,446.1,Pre_Institutional,1,65.2
2016-05-26,453.4,453.6,447.9,449.7,Pre_Institutional,1,65.2
2016-05-27,473.5,478.1,453.5,453.5,Pre_Institutional,1,164.8
2016-05-28,530.0,533.5,472.7,473.0,Pre_Institutional,1,181.2
2016-05-29,526.2,554.0,512.2,527.5,Pre_Institutional,1,148.7
2016-05-30,533.9,544.3,523.0,528.5,Pre_Institutional,1,88.0
2016-05-31,531.4,546.6,520.7,534.2,Pre_Institutional,1,138.4
2016-06-01,536.9,543.1,525.6,531.1,Pre_Institutional,1,86.1
2016-06-02,538.0,540.4,533.1,536.5,Pre_Institutional,1,60.4
2016-06-03,569.2,574.6,536.9,537.7,Pre_Institutional,1,122.0
2016-06-04,572.7,590.1,564.2,569.7,Pre_Institutional,1,94.9
2016-06-05,575.0,582.8,569.2,573.3,Pre_Institutional,1,68.9
2016-06-06,585.5,586.5,574.6,574.6,Pre_Institutional,1,72.1
2016-06-07,576.6,590.3,567.5,585.4,Pre_Institutional,1,107.8
2016-06-08,581.6,582.8,573.1,577.2,Pre_Institutional,1,80.3
2016-06-09,574.6,582.2,571.0,582.2,Pre_Institutional,1,71.3
2016-06-10,577.5,579.1,573.3,575.8,Pre_Institutional,1,67.0
2016-06-11,606.7,607.1,578.7,578.7,Pre_Institutional,1,82.4
2016-06-12,672.8,684.8,607.0,609.7,Pre_Institutional,1,277.1
2016-06-13,704.4,716.0,664.5,671.7,Pre_Institutional,1,243.3
2016-06-14,685.6,704.5,662.8,704.5,Pre_Institutional,1,186.7
2016-06-15,694.5,696.3,672.6,685.7,Pre_Institutional,1,99.2
2016-06-16,766.3,773.7,696.5,696.5,Pre_Institutional,1,271.6
2016-06-17,748.9,775.4,716.6,768.5,Pre_Institutional,1,363.3
2016-06-18,756.2,778.0,733.9,748.8,Pre_Institutional,1,252.7
2016-06-19,763.8,766.6,745.6,756.7,Pre_Institutional,1,136.2
2016-06-20,737.2,764.1,732.7,763.9,Pre_Institutional,1,174.5
2016-06-21,666.7,735.9,639.1,735.9,Pre_Institutional,1,309.9
2016-06-22,596.1,678.7,587.5,665.9,Pre_Institutional,1,266.4
2016-06-23,624.0,629.3,558.1,597.4,Pre_Institutional,1,253.5
2016-06-24,665.3,681.7,625.3,625.6,Pre_Institutional,1,224.3
2016-06-25,665.1,691.7,646.6,665.3,Pre_Institutional,1,126.7
2016-06-26,629.4,666.0,616.9,665.9,Pre_Institutional,1,109.2
2016-06-27,655.3,655.3,620.5,629.3,Pre_Institutional,1,122.1
2016-06-28,647.0,659.2,637.8,658.1,Pre_Institutional,1,138.4
2016-06-29,639.9,644.7,628.3,644.1,Pre_Institutional,1,142.5
2016-06-30,673.3,675.4,636.6,640.6,Pre_Institutional,1,139.0
2016-07-01,676.3,686.2,669.6,672.5,Pre_Institutional,1,134.4
2016-07-02,703.7,703.7,676.4,676.7,Pre_Institutional,1,112.4
2016-07-03,658.7,705.0,649.0,705.0,Pre_Institutional,1,129.5
2016-07-04,683.7,683.7,650.5,658.8,Pre_Institutional,1,92.0
2016-07-05,670.6,683.5,665.1,683.2,Pre_Institutional,1,130.5
2016-07-06,677.3,681.9,670.4,670.4,Pre_Institutional,1,135.0
2016-07-07,640.6,682.4,611.8,678.1,Pre_Institutional,1,258.1
2016-07-08,666.5,666.7,636.5,640.7,Pre_Institutional,1,142.0
2016-07-09,651.0,666.4,633.4,666.4,Pre_Institutional,2,180.5
2016-07-10,649.4,652.3,641.3,650.6,Pre_Institutional,2,102.5
2016-07-11,647.7,659.6,645.0,648.5,Pre_Institutional,2,107.9
2016-07-12,664.6,675.3,646.8,648.3,Pre_Institutional,2,138.2
2016-07-13,654.5,668.7,654.5,664.8,Pre_Institutional,2,131.4
2016-07-14,658.1,662.9,652.9,652.9,Pre_Institutional,2,98.5
2016-07-15,663.3,667.1,659.0,659.2,Pre_Institutional,2,81.7
2016-07-16,660.8,666.5,659.3,663.8,Pre_Institutional,2,50.3
2016-07-17,679.5,682.4,662.0,662.0,Pre_Institutional,2,74.4
2016-07-18,673.1,681.6,668.6,679.8,Pre_Institutional,2,69.5
2016-07-19,672.9,673.3,667.6,672.7,Pre_Institutional,2,61.2
2016-07-20,665.7,672.9,663.4,672.8,Pre_Institutional,2,94.6
2016-07-21,665.0,666.2,660.4,665.2,Pre_Institutional,2,60.5
2016-07-22,650.6,666.6,646.7,664.9,Pre_Institutional,2,134.2
2016-07-23,655.6,656.4,648.5,650.7,Pre_Institutional,2,69.5
2016-07-24,661.3,663.1,652.8,655.4,Pre_Institutional,2,118.2
2016-07-25,654.1,661.8,653.4,661.3,Pre_Institutional,2,78.2
2016-07-26,651.8,656.2,645.9,654.2,Pre_Institutional,2,225.1
2016-07-27,654.4,657.5,648.4,651.6,Pre_Institutional,2,147.5
2016-07-28,655.0,657.6,654.5,654.5,Pre_Institutional,2,86.4
2016-07-29,657.0,657.8,654.8,655.1,Pre_Institutional,2,60.7
2016-07-30,655.0,658.2,654.2,657.0,Pre_Institutional,2,38.5
2016-07-31,624.7,655.3,624.4,655.1,Pre_Institutional,2,110.8
2016-08-01,606.3,626.1,605.9,624.6,Pre_Institutional,2,121.9
2016-08-02,547.5,612.8,531.3,606.4,Pre_Institutional,2,330.9
2016-08-03,566.4,573.4,541.5,548.7,Pre_Institutional,2,208.0
2016-08-04,578.3,579.5,565.8,566.3,Pre_Institutional,2,125.3
2016-08-05,575.0,578.3,570.0,578.3,Pre_Institutional,2,66.1
2016-08-06,587.8,588.4,569.5,575.0,Pre_Institutional,2,80.8
2016-08-07,592.7,597.5,586.8,587.8,Pre_Institutional,2,82.4
2016-08-08,591.1,593.0,588.0,592.7,Pre_Institutional,2,61.2
2016-08-09,587.8,591.1,584.8,591.0,Pre_Institutional,2,92.2
2016-08-10,592.1,600.0,586.4,587.6,Pre_Institutional,2,102.9
2016-08-11,589.1,597.5,589.1,592.1,Pre_Institutional,2,74.5
2016-08-12,587.6,589.9,583.8,588.8,Pre_Institutional,2,69.2
2016-08-13,585.6,589.8,585.0,587.4,Pre_Institutional,2,43.6
2016-08-14,570.5,585.7,564.8,585.6,Pre_Institutional,2,60.9
2016-08-15,567.2,573.6,563.2,570.5,Pre_Institutional,2,57.3
2016-08-16,577.4,581.7,566.7,567.2,Pre_Institutional,2,58.4
2016-08-17,573.2,580.9,571.4,577.8,Pre_Institutional,2,54.4
2016-08-18,574.3,577.8,573.4,573.7,Pre_Institutional,2,59.9
2016-08-19,575.6,578.2,574.2,574.3,Pre_Institutional,2,50.6
2016-08-20,581.7,582.8,575.5,576.1,Pre_Institutional,2,45.3
2016-08-21,581.3,584.2,580.2,581.9,Pre_Institutional,2,38.3
2016-08-22,586.8,588.4,580.6,581.3,Pre_Institutional,2,72.8
2016-08-23,583.4,589.5,581.6,586.8,Pre_Institutional,2,85.3
2016-08-24,580.2,583.6,579.9,583.4,Pre_Institutional,2,56.3
2016-08-25,577.8,580.5,575.2,580.2,Pre_Institutional,2,136.1
2016-08-26,579.7,580.6,576.9,577.8,Pre_Institutional,2,48.9
2016-08-27,569.9,579.8,568.6,579.5,Pre_Institutional,2,59.7
2016-08-28,573.9,574.0,569.7,569.8,Pre_Institutional,2,86.3
2016-08-29,574.1,576.3,573.5,574.1,Pre_Institutional,2,110.4
2016-08-30,577.5,578.4,574.1,574.1,Pre_Institutional,2,70.3
2016-08-31,575.5,577.9,573.6,577.6,Pre_Institutional,2,75.8
2016-09-01,572.3,576.3,571.8,575.5,Pre_Institutional,2,76.9
2016-09-02,575.5,575.6,570.8,572.4,Pre_Institutional,2,79.9
2016-09-03,598.2,599.5,574.1,575.6,Pre_Institutional,2,159.0
2016-09-04,608.6,611.8,596.8,598.6,Pre_Institutional,2,97.9
2016-09-05,606.6,609.1,602.2,609.0,Pre_Institutional,2,82.4
2016-09-06,610.4,610.8,605.1,606.5,Pre_Institutional,2,78.5
2016-09-07,614.5,614.5,608.5,610.6,Pre_Institutional,2,75.0
2016-09-08,626.3,628.8,613.8,614.6,Pre_Institutional,2,86.7
2016-09-09,622.9,626.8,620.3,626.4,Pre_Institutional,2,64.6
2016-09-10,623.5,625.1,622.4,622.9,Pre_Institutional,2,45.0
2016-09-11,606.7,628.8,600.5,623.4,Pre_Institutional,2,73.6
2016-09-12,608.2,608.5,605.4,607.0,Pre_Institutional,2,72.8
2016-09-13,609.2,611.2,606.9,608.0,Pre_Institutional,2,86.9
2016-09-14,610.7,612.0,608.4,608.8,Pre_Institutional,2,47.9
2016-09-15,607.2,611.1,607.2,610.6,Pre_Institutional,2,59.5
2016-09-16,607.0,609.3,606.7,607.2,Pre_Institutional,2,65.0
2016-09-17,606.0,607.9,605.2,607.2,Pre_Institutional,2,37.1
2016-09-18,609.9,610.2,605.9,606.3,Pre_Institutional,2,48.7
2016-09-19,609.2,610.9,608.3,609.9,Pre_Institutional,2,54.8
2016-09-20,608.3,609.5,607.9,609.3,Pre_Institutional,2,72.7
2016-09-21,597.1,603.6,595.9,603.6,Pre_Institutional,2,82.8
2016-09-22,596.3,598.5,596.2,597.3,Pre_Institutional,2,67.1
2016-09-23,602.8,603.2,595.8,596.2,Pre_Institutional,2,51.1
2016-09-24,602.6,604.6,602.0,603.0,Pre_Institutional,2,35.4
2016-09-25,600.8,603.4,599.7,602.7,Pre_Institutional,2,34.0
2016-09-26,608.0,608.1,600.3,600.8,Pre_Institutional,2,59.2
2016-09-27,606.2,608.2,604.1,608.0,Pre_Institutional,2,49.4
2016-09-28,604.7,606.6,604.6,606.2,Pre_Institutional,2,48.7
2016-09-29,605.7,606.8,604.8,605.0,Pre_Institutional,2,55.7
2016-09-30,609.7,609.7,604.1,605.7,Pre_Institutional,2,56.1
2016-10-01,614.0,615.2,609.9,609.9,Pre_Institutional,2,56.4
2016-10-02,610.9,614.0,609.7,613.9,Pre_Institutional,2,39.2
2016-10-03,612.1,612.6,610.5,611.0,Pre_Institutional,2,46.8
2016-10-04,610.2,612.1,609.5,612.1,Pre_Institutional,2,49.8
2016-10-05,612.5,613.8,609.6,610.2,Pre_Institutional,2,68.1
2016-10-06,613.0,613.8,611.5,612.5,Pre_Institutional,2,56.8
2016-10-07,617.1,617.9,611.8,612.6,Pre_Institutional,2,64.1
2016-10-08,619.1,619.8,617.3,617.3,Pre_Institutional,2,42.3
2016-10-09,616.8,619.2,616.6,619.2,Pre_Institutional,2,39.2
2016-10-10,619.0,621.3,616.2,616.8,Pre_Institutional,2,67.5
2016-10-11,641.1,642.1,618.5,619.2,Pre_Institutional,2,103.6
2016-10-12,636.2,641.3,636.0,640.9,Pre_Institutional,2,92.4
2016-10-13,636.8,638.8,635.0,636.0,Pre_Institutional,2,61.6
2016-10-14,640.4,641.3,637.0,637.0,Pre_Institutional,2,58.1
2016-10-15,638.6,642.1,637.4,640.3,Pre_Institutional,2,39.0
2016-10-16,641.6,642.9,638.9,639.1,Pre_Institutional,2,40.3
2016-10-17,639.2,642.3,638.7,641.8,Pre_Institutional,2,58.1
2016-10-18,638.0,640.7,636.0,639.4,Pre_Institutional,2,65.5
2016-10-19,630.5,638.9,628.0,638.1,Pre_Institutional,2,69.4
2016-10-20,630.9,631.9,628.3,630.7,Pre_Institutional,2,57.0
2016-10-21,632.8,634.1,630.7,630.8,Pre_Institutional,2,56.0
2016-10-22,657.3,658.2,632.8,633.1,Pre_Institutional,2,78.6
2016-10-23,657.1,661.1,653.9,657.6,Pre_Institutional,2,54.5
2016-10-24,653.8,657.3,652.6,657.2,Pre_Institutional,2,62.2
2016-10-25,657.6,664.4,653.7,654.0,Pre_Institutional,2,90.4
2016-10-26,678.3,679.7,657.7,657.7,Pre_Institutional,2,88.9
2016-10-27,688.3,688.6,678.0,678.2,Pre_Institutional,2,96.1
2016-10-28,689.7,690.4,684.2,688.0,Pre_Institutional,2,81.1
2016-10-29,714.5,720.4,690.1,690.3,Pre_Institutional,2,134.8
2016-10-30,701.9,714.1,696.5,714.1,Pre_Institutional,2,100.7
2016-10-31,701.0,709.3,691.7,702.6,Pre_Institutional,2,97.1
2016-11-01,729.8,736.5,701.3,701.3,Pre_Institutional,2,130.5
2016-11-02,740.8,740.8,722.3,730.1,Pre_Institutional,2,84.9
2016-11-03,688.7,745.8,678.2,742.3,Pre_Institutional,2,172.8
2016-11-04,703.2,706.9,685.6,689.1,Pre_Institutional,2,99.9
2016-11-05,703.4,707.5,697.7,703.5,Pre_Institutional,2,53.8
2016-11-06,711.5,714.3,699.6,703.8,Pre_Institutional,2,59.9
2016-11-07,703.1,710.7,699.9,710.7,Pre_Institutional,2,65.0
2016-11-08,709.8,713.0,702.4,703.1,Pre_Institutional,2,79.7
2016-11-09,723.3,740.0,708.6,709.8,Pre_Institutional,2,132.4
2016-11-10,715.5,723.0,711.2,722.8,Pre_Institutional,2,68.8
2016-11-11,716.4,718.3,714.4,715.6,Pre_Institutional,2,63.1
2016-11-12,705.1,717.1,704.0,716.8,Pre_Institutional,2,64.6
2016-11-13,702.0,705.3,687.3,705.2,Pre_Institutional,2,80.3
2016-11-14,705.0,706.3,699.8,702.0,Pre_Institutional,2,63.0
2016-11-15,711.6,715.7,705.3,705.8,Pre_Institutional,2,72.0
2016-11-16,744.2,747.6,709.0,711.2,Pre_Institutional,2,141.3
2016-11-17,741.0,755.6,739.5,744.9,Pre_Institutional,2,108.6
2016-11-18,751.6,752.9,736.9,740.7,Pre_Institutional,2,87.4
2016-11-19,751.6,756.2,744.5,751.8,Pre_Institutional,2,110.6
2016-11-20,731.0,755.5,717.9,751.9,Pre_Institutional,2,154.1
2016-11-21,739.2,741.7,730.5,731.3,Pre_Institutional,2,60.8
2016-11-22,751.3,753.9,736.5,739.6,Pre_Institutional,2,129.9
2016-11-23,744.6,752.2,738.9,751.7,Pre_Institutional,2,76.5
2016-11-24,740.3,746.8,733.5,744.6,Pre_Institutional,2,85.9
2016-11-25,741.6,741.6,734.6,740.4,Pre_Institutional,2,67.8
2016-11-26,735.4,742.2,729.6,741.5,Pre_Institutional,2,55.0
2016-11-27,732.0,739.0,731.1,735.4,Pre_Institutional,2,52.6
2016-11-28,735.8,738.0,732.5,732.5,Pre_Institutional,2,61.9
2016-11-29,735.6,737.5,734.6,736.3,Pre_Institutional,2,68.5
2016-11-30,745.7,747.9,736.3,736.3,Pre_Institutional,2,84.1
2016-12-01,756.8,758.3,746.0,746.0,Pre_Institutional,2,80.5
2016-12-02,777.9,781.3,757.5,757.5,Pre_Institutional,2,127.6
2016-12-03,771.2,778.2,764.9,778.2,Pre_Institutional,2,69.5
2016-12-04,773.9,773.9,768.2,771.6,Pre_Institutional,2,60.6
2016-12-05,758.7,773.5,751.7,773.4,Pre_Institutional,2,106.4
2016-12-06,764.2,765.6,758.7,758.7,Pre_Institutional,2,116.2
2016-12-07,768.1,771.5,759.8,764.2,Pre_Institutional,2,96.4
2016-12-08,770.8,774.7,765.9,768.1,Pre_Institutional,2,80.1
2016-12-09,772.8,774.5,769.6,769.9,Pre_Institutional,2,68.7
2016-12-10,774.7,777.1,772.9,773.0,Pre_Institutional,2,53.8
2016-12-11,769.7,774.8,765.4,774.8,Pre_Institutional,2,57.3
2016-12-12,780.1,781.9,770.0,770.0,Pre_Institutional,2,76.6
2016-12-13,780.6,788.5,778.0,780.6,Pre_Institutional,2,81.6
2016-12-14,781.5,782.0,776.8,780.0,Pre_Institutional,2,76.0
2016-12-15,778.1,781.4,777.8,780.1,Pre_Institutional,2,81.6
2016-12-16,784.9,785.0,779.0,779.0,Pre_Institutional,2,83.6
2016-12-17,790.8,792.5,784.9,785.2,Pre_Institutional,2,79.0
2016-12-18,790.5,794.7,788.0,791.0,Pre_Institutional,2,60.5
2016-12-19,792.7,793.6,790.3,790.7,Pre_Institutional,2,74.9
2016-12-20,800.9,801.3,791.5,792.2,Pre_Institutional,2,99.6
2016-12-21,834.3,834.3,799.4,800.6,Pre_Institutional,2,155.6
2016-12-22,864.5,875.8,834.1,834.2,Pre_Institutional,2,200.0
2016-12-23,922.0,925.1,864.7,864.9,Pre_Institutional,2,275.6
2016-12-24,898.8,923.5,886.3,922.2,Pre_Institutional,2,137.7
2016-12-25,896.2,899.7,862.4,899.7,Pre_Institutional,2,143.7
2016-12-26,907.6,913.2,896.9,896.9,Pre_Institutional,2,123.8
2016-12-27,933.2,940.0,904.3,908.4,Pre_Institutional,2,167.3
2016-12-28,975.9,975.9,934.8,934.8,Pre_Institutional,2,236.6
2016-12-29,973.5,979.4,954.5,975.1,Pre_Institutional,2,199.3
2016-12-30,961.2,972.5,934.8,972.5,Pre_Institutional,2,187.5
2016-12-31,963.7,963.7,947.2,960.6,Pre_Institutional,2,99.1
2017-01-01,998.3,1003.1,958.7,963.7,Pre_Institutional,2,147.8
2017-01-02,1021.8,1031.4,996.7,998.6,Pre_Institutional,2,222.2
2017-01-03,1043.8,1044.1,1021.6,1021.6,Pre_Institutional,2,185.2
2017-01-04,1154.7,1159.4,1044.4,1044.4,Pre_Institutional,2,344.9
2017-01-05,1013.4,1191.1,910.4,1156.7,Pre_Institutional,2,510.2
2017-01-06,902.2,1046.8,883.9,1014.2,Pre_Institutional,2,351.9
2017-01-07,908.6,908.6,823.6,903.5,Pre_Institutional,2,279.6
2017-01-08,911.2,942.7,887.2,908.2,Pre_Institutional,2,158.7
2017-01-09,902.8,913.7,879.8,913.2,Pre_Institutional,2,141.9
2017-01-10,907.7,914.9,901.1,902.4,Pre_Institutional,2,115.8
2017-01-11,777.8,919.4,762.8,908.1,Pre_Institutional,2,310.9
2017-01-12,804.8,826.2,755.8,775.2,Pre_Institutional,2,222.3
2017-01-13,824.0,829.0,780.0,803.7,Pre_Institutional,2,169.0
2017-01-14,818.4,835.1,812.5,825.1,Pre_Institutional,2,93.1
2017-01-15,821.8,823.3,812.9,818.1,Pre_Institutional,2,71.0
2017-01-16,831.5,834.5,820.3,821.8,Pre_Institutional,2,82.8
2017-01-17,907.9,910.6,830.8,830.9,Pre_Institutional,2,155.1
2017-01-18,886.6,917.5,858.3,909.4,Pre_Institutional,2,225.7
2017-01-19,899.1,904.6,884.3,888.3,Pre_Institutional,2,105.6
2017-01-20,895.0,899.4,887.0,898.2,Pre_Institutional,2,86.7
2017-01-21,921.8,927.4,895.5,895.5,Pre_Institutional,2,111.2
2017-01-22,924.7,937.5,897.6,922.2,Pre_Institutional,2,116.6
2017-01-23,921.0,928.3,916.7,925.5,Pre_Institutional,2,73.6
2017-01-24,892.7,924.1,892.3,910.7,Pre_Institutional,2,111.3
2017-01-25,901.5,903.3,891.7,891.9,Pre_Institutional,2,120.8
2017-01-26,917.6,919.3,902.2,902.4,Pre_Institutional,2,132.0
2017-01-27,919.8,923.2,915.8,918.4,Pre_Institutional,2,125.6
2017-01-28,921.6,923.9,919.8,919.8,Pre_Institutional,2,69.0
2017-01-29,919.5,923.4,919.1,922.1,Pre_Institutional,2,60.9
2017-01-30,920.4,923.0,919.5,920.2,Pre_Institutional,2,78.2
2017-01-31,970.4,972.0,921.0,921.0,Pre_Institutional,2,164.6
2017-02-01,989.0,989.1,970.7,970.9,Pre_Institutional,2,150.1
2017-02-02,1011.8,1013.5,983.2,990.0,Pre_Institutional,2,145.8
2017-02-03,1029.9,1033.9,1008.8,1011.5,Pre_Institutional,2,201.3
2017-02-04,1042.9,1045.9,1015.2,1031.3,Pre_Institutional,2,155.1
2017-02-05,1027.3,1043.6,1022.4,1043.5,Pre_Institutional,2,114.2
2017-02-06,1038.2,1044.6,1028.2,1028.4,Pre_Institutional,2,111.8
2017-02-07,1061.3,1061.9,1040.1,1040.1,Pre_Institutional,2,146.0
2017-02-08,1063.1,1079.0,1037.5,1062.3,Pre_Institutional,2,201.9
2017-02-09,994.4,1089.0,953.3,1064.7,Pre_Institutional,2,407.2
2017-02-10,988.7,998.9,946.7,995.6,Pre_Institutional,2,190.5
2017-02-11,1004.5,1009.3,982.8,988.9,Pre_Institutional,2,102.3
2017-02-12,999.2,1004.8,996.9,1003.5,Pre_Institutional,2,67.5
2017-02-13,990.6,1002.1,976.0,998.9,Pre_Institutional,2,100.6
2017-02-14,1004.5,1011.5,986.5,991.7,Pre_Institutional,2,137.9
2017-02-15,1007.5,1008.8,1001.6,1006.2,Pre_Institutional,2,89.8
2017-02-16,1027.4,1033.4,1007.7,1007.7,Pre_Institutional,2,122.3
2017-02-17,1046.2,1053.2,1025.6,1026.1,Pre_Institutional,2,136.5
2017-02-18,1054.4,1061.1,1047.0,1049.2,Pre_Institutional,2,99.1
2017-02-19,1047.9,1056.8,1043.5,1054.8,Pre_Institutional,2,77.4
2017-02-20,1080.0,1080.5,1041.7,1048.7,Pre_Institutional,2,109.5
2017-02-21,1115.3,1117.2,1076.9,1079.3,Pre_Institutional,2,186.9
2017-02-22,1117.4,1125.4,1100.6,1114.8,Pre_Institutional,2,136.1
2017-02-23,1166.7,1176.6,1117.0,1117.3,Pre_Institutional,2,189.5
2017-02-24,1173.7,1200.4,1132.0,1172.7,Pre_Institutional,2,330.8
2017-02-25,1143.8,1174.8,1124.6,1170.4,Pre_Institutional,2,140.0
2017-02-26,1165.2,1167.5,1130.2,1144.3,Pre_Institutional,2,116.5
2017-02-27,1180.0,1182.0,1163.4,1163.8,Pre_Institutional,2,131.6
2017-02-28,1180.0,1193.2,1171.8,1180.7,Pre_Institutional,2,185.0
2017-03-01,1222.5,1222.5,1179.7,1180.0,Pre_Institutional,2,229.1
2017-03-02,1251.0,1262.1,1215.6,1224.7,Pre_Institutional,2,368.3
2017-03-03,1275.0,1280.3,1250.7,1250.7,Pre_Institutional,2,315.7
2017-03-04,1255.2,1279.4,1230.5,1277.4,Pre_Institutional,2,183.3
2017-03-05,1267.1,1267.3,1238.1,1254.3,Pre_Institutional,2,134.1
2017-03-06,1272.8,1276.0,1264.6,1267.5,Pre_Institutional,2,153.7
2017-03-07,1223.5,1275.6,1204.8,1273.2,Pre_Institutional,2,291.3
2017-03-08,1150.0,1232.2,1148.1,1223.2,Pre_Institutional,2,332.6
2017-03-09,1188.5,1197.5,1141.2,1150.3,Pre_Institutional,2,212.3
2017-03-10,1116.7,1270.5,1077.2,1189.4,Pre_Institutional,2,563.8
2017-03-11,1175.8,1193.8,1116.3,1116.3,Pre_Institutional,2,283.3
2017-03-12,1221.4,1227.0,1175.4,1176.6,Pre_Institutional,2,227.2
2017-03-13,1231.9,1237.4,1217.0,1221.8,Pre_Institutional,2,380.3
2017-03-14,1240.0,1244.8,1220.7,1232.2,Pre_Institutional,2,245.3
2017-03-15,1249.6,1251.6,1239.8,1240.2,Pre_Institutional,2,297.8
2017-03-16,1187.8,1258.0,1152.4,1251.3,Pre_Institutional,2,638.6
2017-03-17,1100.2,1180.2,1099.6,1180.2,Pre_Institutional,2,706.6
2017-03-18,973.8,1114.1,957.7,1099.7,Pre_Institutional,2,621.3
2017-03-19,1036.7,1069.9,976.7,976.7,Pre_Institutional,2,406.6
2017-03-20,1054.2,1063.0,1036.7,1037.2,Pre_Institutional,2,286.5
2017-03-21,1120.5,1122.4,1055.4,1055.4,Pre_Institutional,2,337.4
2017-03-22,1049.1,1120.7,1014.2,1120.7,Pre_Institutional,2,380.8
2017-03-23,1038.6,1058.0,1028.9,1050.1,Pre_Institutional,2,248.5
2017-03-24,937.5,1040.5,934.4,1038.4,Pre_Institutional,2,491.0
2017-03-25,972.8,975.8,903.7,936.5,Pre_Institutional,2,435.8
2017-03-26,966.7,1008.0,954.2,974.0,Pre_Institutional,2,303.7
2017-03-27,1045.8,1046.4,972.0,972.1,Pre_Institutional,2,372.5
2017-03-28,1047.2,1064.7,1027.7,1044.6,Pre_Institutional,2,326.3
2017-03-29,1040.0,1055.1,1015.9,1046.1,Pre_Institutional,2,298.5
2017-03-30,1026.4,1049.3,1020.0,1042.2,Pre_Institutional,2,353.0
2017-03-31,1071.8,1074.9,1026.6,1026.6,Pre_Institutional,2,447.3
2017-04-01,1080.5,1091.7,1061.1,1071.7,Pre_Institutional,2,289.6
2017-04-02,1102.2,1107.6,1075.4,1080.6,Pre_Institutional,2,514.2
2017-04-03,1143.8,1151.7,1102.9,1102.9,Pre_Institutional,2,580.4
2017-04-04,1133.2,1156.4,1120.5,1145.5,Pre_Institutional,2,436.3
2017-04-05,1124.8,1135.1,1113.6,1134.1,Pre_Institutional,2,414.8
2017-04-06,1182.7,1188.4,1125.8,1125.8,Pre_Institutional,2,511.2
2017-04-07,1176.9,1186.6,1163.4,1178.9,Pre_Institutional,2,317.0
2017-04-08,1175.9,1185.0,1162.6,1172.7,Pre_Institutional,2,209.3
2017-04-09,1187.9,1197.2,1171.9,1176.6,Pre_Institutional,2,242.3
2017-04-10,1187.1,1190.3,1179.0,1187.3,Pre_Institutional,2,215.9
2017-04-11,1205.0,1208.1,1187.5,1187.5,Pre_Institutional,2,216.2
2017-04-12,1200.4,1207.1,1196.8,1204.8,Pre_Institutional,2,288.7
2017-04-13,1169.3,1205.9,1156.4,1201.0,Pre_Institutional,2,352.0
2017-04-14,1167.5,1190.8,1159.8,1170.3,Pre_Institutional,2,254.8
2017-04-15,1172.5,1188.0,1165.0,1167.3,Pre_Institutional,2,203.6
2017-04-16,1182.9,1187.2,1172.6,1172.6,Pre_Institutional,2,183.2
2017-04-17,1193.9,1194.9,1172.7,1183.2,Pre_Institutional,2,253.2
2017-04-18,1211.7,1217.6,1193.8,1193.8,Pre_Institutional,2,270.5
2017-04-19,1210.3,1215.5,1205.1,1212.1,Pre_Institutional,2,288.1
2017-04-20,1229.1,1240.8,1208.4,1211.1,Pre_Institutional,2,315.1
2017-04-21,1222.1,1235.9,1215.6,1229.4,Pre_Institutional,2,272.2
2017-04-22,1231.7,1235.6,1208.5,1222.7,Pre_Institutional,2,249.3
2017-04-23,1207.2,1232.2,1203.9,1231.9,Pre_Institutional,2,259.0
2017-04-24,1250.2,1250.9,1209.6,1209.6,Pre_Institutional,2,235.8
2017-04-25,1265.5,1267.6,1250.0,1250.4,Pre_Institutional,2,242.6
2017-04-26,1281.1,1294.8,1265.9,1266.0,Pre_Institutional,2,329.6
2017-04-27,1317.7,1319.7,1281.3,1281.9,Pre_Institutional,2,449.2
2017-04-28,1316.5,1331.3,1292.4,1317.7,Pre_Institutional,2,527.5
2017-04-29,1321.8,1327.2,1315.2,1317.8,Pre_Institutional,2,422.7
2017-04-30,1347.9,1347.9,1314.9,1321.9,Pre_Institutional,2,413.1
2017-05-01,1421.6,1434.3,1348.3,1348.3,Pre_Institutional,2,713.6
2017-05-02,1452.8,1473.9,1415.7,1421.0,Pre_Institutional,2,477.3
2017-05-03,1490.1,1492.8,1447.5,1453.8,Pre_Institutional,2,583.8
2017-05-04,1537.7,1608.9,1490.7,1490.7,Pre_Institutional,2,933.5
2017-05-05,1555.4,1618.0,1530.3,1540.9,Pre_Institutional,2,946.0
2017-05-06,1578.8,1578.8,1542.5,1556.8,Pre_Institutional,2,582.5
2017-05-07,1596.7,1596.7,1559.8,1579.5,Pre_Institutional,2,1080.0
2017-05-08,1723.3,1723.3,1596.9,1596.9,Pre_Institutional,2,1340.3
2017-05-09,1755.4,1833.5,1716.3,1723.9,Pre_Institutional,2,1167.9
2017-05-10,1787.1,1788.4,1719.1,1756.5,Pre_Institutional,2,915.7
2017-05-11,1848.6,1873.9,1755.3,1780.4,Pre_Institutional,2,799.5
2017-05-12,1724.2,1856.2,1694.0,1845.8,Pre_Institutional,2,741.0
2017-05-13,1804.9,1813.0,1651.1,1723.1,Pre_Institutional,2,579.6
2017-05-14,1808.9,1831.4,1776.6,1800.9,Pre_Institutional,2,437.2
2017-05-15,1738.4,1812.8,1708.5,1808.4,Pre_Institutional,2,731.5
2017-05-16,1734.4,1785.9,1686.5,1741.7,Pre_Institutional,2,959.0
2017-05-17,1839.1,1864.1,1661.9,1726.7,Pre_Institutional,2,1064.7
2017-05-18,1888.7,1904.5,1807.1,1818.7,Pre_Institutional,2,894.3
2017-05-19,1987.7,2004.5,1890.2,1897.4,Pre_Institutional,2,1157.3
2017-05-20,2084.7,2084.7,1974.9,1984.2,Pre_Institutional,2,961.3
2017-05-21,2041.2,2119.1,2037.5,2067.0,Pre_Institutional,2,1147.9
2017-05-22,2173.4,2303.9,2017.9,2043.2,Pre_Institutional,2,1942.2
2017-05-23,2320.4,2320.8,2178.5,2191.6,Pre_Institutional,2,1378.7
2017-05-24,2443.6,2523.7,2321.4,2321.4,Pre_Institutional,2,1725.4
2017-05-25,2305.0,2763.7,2285.3,2446.2,Pre_Institutional,2,2406.7
2017-05-26,2202.4,2573.8,2072.0,2320.9,Pre_Institutional,2,1763.5
2017-05-27,2038.9,2260.2,1855.8,2196.3,Pre_Institutional,2,1700.5
2017-05-28,2155.8,2267.3,2054.1,2054.1,Pre_Institutional,2,1147.1
2017-05-29,2255.6,2307.1,2107.2,2159.4,Pre_Institutional,2,994.6
2017-05-30,2175.5,2302.0,2124.6,2255.4,Pre_Institutional,2,1444.0
2017-05-31,2286.4,2311.1,2145.6,2187.2,Pre_Institutional,2,1544.8
2017-06-01,2407.9,2448.4,2288.3,2288.3,Pre_Institutional,2,1653.2
2017-06-02,2488.6,2488.6,2373.3,2404.0,Pre_Institutional,2,1317.0
2017-06-03,2515.4,2581.9,2423.6,2493.7,Pre_Institutional,2,1515.0
2017-06-04,2511.8,2585.9,2452.5,2547.8,Pre_Institutional,2,1355.1
2017-06-05,2686.8,2686.8,2510.2,2512.4,Pre_Institutional,2,1369.3
2017-06-06,2863.2,2999.9,2690.8,2690.8,Pre_Institutional,2,2089.6
2017-06-07,2732.2,2869.4,2700.6,2869.4,Pre_Institutional,2,1517.7
2017-06-08,2805.6,2815.3,2670.9,2720.5,Pre_Institutional,2,1281.2
2017-06-09,2823.8,2901.7,2795.6,2807.4,Pre_Institutional,2,1349.0
2017-06-10,2947.7,2951.0,2746.6,2828.1,Pre_Institutional,2,2018.9
2017-06-11,2958.1,2996.6,2840.5,2942.4,Pre_Institutional,2,1752.4
2017-06-12,2659.6,2997.3,2518.6,2953.2,Pre_Institutional,2,2569.5
2017-06-13,2717.0,2789.0,2650.4,2680.9,Pre_Institutional,2,1781.2
2017-06-14,2506.4,2786.8,2412.9,2716.9,Pre_Institutional,2,1696.6
2017-06-15,2464.6,2534.7,2213.0,2499.6,Pre_Institutional,2,2026.3
2017-06-16,2518.6,2539.9,2385.1,2469.6,Pre_Institutional,2,1195.2
2017-06-17,2655.9,2685.2,2485.0,2514.0,Pre_Institutional,2,1534.5
2017-06-18,2548.3,2662.1,2516.3,2655.4,Pre_Institutional,2,1178.7
2017-06-19,2589.6,2662.9,2549.0,2549.0,Pre_Institutional,2,1446.8
2017-06-20,2721.8,2763.4,2589.8,2591.3,Pre_Institutional,2,1854.2
2017-06-21,2689.1,2772.0,2660.4,2709.4,Pre_Institutional,2,1626.6
2017-06-22,2705.4,2723.7,2642.4,2691.0,Pre_Institutional,2,1097.9
2017-06-23,2744.9,2765.2,2706.4,2707.3,Pre_Institutional,2,961.3
2017-06-24,2608.7,2757.9,2583.2,2738.5,Pre_Institutional,2,982.8
2017-06-25,2589.4,2682.3,2552.1,2607.2,Pre_Institutional,2,1161.1
2017-06-26,2478.4,2615.2,2376.3,2590.6,Pre_Institutional,2,1663.3
2017-06-27,2552.4,2552.4,2333.0,2478.4,Pre_Institutional,2,1489.8
2017-06-28,2574.8,2604.0,2484.4,2553.0,Pre_Institutional,2,1183.9
2017-06-29,2539.3,2588.8,2510.5,2567.6,Pre_Institutional,2,950.0
2017-06-30,2480.8,2559.2,2478.4,2539.2,Pre_Institutional,2,860.3
2017-07-01,2434.6,2515.3,2419.2,2492.6,Pre_Institutional,2,779.9
2017-07-02,2506.5,2514.3,2394.8,2436.4,Pre_Institutional,2,803.7
2017-07-03,2564.1,2595.0,2480.5,2498.6,Pre_Institutional,2,964.1
2017-07-04,2601.6,2631.6,2559.4,2561.0,Pre_Institutional,2,985.5
2017-07-05,2602.0,2622.6,2538.6,2602.9,Pre_Institutional,2,941.6
2017-07-06,2608.6,2616.7,2581.7,2608.1,Pre_Institutional,2,762.0
2017-07-07,2518.7,2916.1,2498.9,2608.6,Pre_Institutional,2,917.4
2017-07-08,2571.3,2571.3,2492.3,2520.3,Pre_Institutional,2,733.3
2017-07-09,2518.4,2635.5,2517.6,2572.6,Pre_Institutional,2,527.9
2017-07-10,2372.6,2537.2,2321.1,2525.2,Pre_Institutional,2,1111.2
2017-07-11,2337.8,2413.5,2296.8,2385.9,Pre_Institutional,2,1329.8
2017-07-12,2398.8,2423.7,2275.1,2332.8,Pre_Institutional,2,1117.4
2017-07-13,2357.9,2425.2,2340.8,2402.7,Pre_Institutional,2,835.8
2017-07-14,2233.3,2363.2,2183.2,2360.6,Pre_Institutional,2,882.5
2017-07-15,1998.9,2231.1,1990.4,2230.1,Pre_Institutional,2,993.6
2017-07-16,1929.8,2058.8,1843.0,1992.0,Pre_Institutional,2,1182.9
2017-07-17,2228.4,2230.5,1932.6,1932.6,Pre_Institutional,2,1201.8
2017-07-18,2318.9,2387.6,2164.8,2233.5,Pre_Institutional,2,1512.5
2017-07-19,2273.4,2397.2,2260.2,2323.1,Pre_Institutional,2,1245.1
2017-07-20,2817.6,2900.7,2269.9,2269.9,Pre_Institutional,2,2249.3
2017-07-21,2667.8,2838.4,2621.9,2838.4,Pre_Institutional,2,1489.4
2017-07-22,2810.1,2862.4,2657.7,2668.6,Pre_Institutional,2,1177.1
2017-07-23,2730.4,2832.2,2653.9,2808.1,Pre_Institutional,2,1072.8
2017-07-24,2754.9,2777.3,2699.2,2732.7,Pre_Institutional,2,866.5
2017-07-25,2576.5,2768.1,2481.0,2757.5,Pre_Institutional,2,1460.1
2017-07-26,2529.4,2610.8,2450.8,2577.8,Pre_Institutional,2,937.4
2017-07-27,2671.8,2693.3,2529.3,2538.7,Pre_Institutional,2,789.1
2017-07-28,2809.0,2897.4,2679.7,2679.7,Pre_Institutional,2,1380.1
2017-07-29,2726.4,2808.8,2692.8,2807.0,Pre_Institutional,2,803.7
2017-07-30,2757.2,2758.5,2644.9,2724.4,Pre_Institutional,2,705.9
2017-07-31,2875.3,2889.6,2720.6,2763.2,Pre_Institutional,2,860.6
2017-08-01,2718.3,2921.4,2685.6,2871.3,Pre_Institutional,2,1324.7
2017-08-02,2710.7,2762.5,2668.6,2727.1,Pre_Institutional,2,1095.0
2017-08-03,2804.7,2813.3,2685.1,2709.6,Pre_Institutional,2,804.8
2017-08-04,2895.9,2899.3,2743.7,2806.9,Pre_Institutional,2,1002.1
2017-08-05,3252.9,3290.0,2874.8,2897.6,Pre_Institutional,2,1945.7
2017-08-06,3213.9,3293.3,3155.6,3257.6,Pre_Institutional,2,1105.0
2017-08-07,3378.9,3397.7,3180.9,3212.8,Pre_Institutional,2,1482.3
2017-08-08,3419.9,3484.9,3345.8,3370.2,Pre_Institutional,2,1752.8
2017-08-09,3342.5,3422.8,3247.7,3420.4,Pre_Institutional,2,1469.0
2017-08-10,3381.3,3453.4,3319.5,3341.8,Pre_Institutional,2,1515.1
2017-08-11,3650.6,3679.7,3372.1,3373.8,Pre_Institutional,2,2021.2
2017-08-12,3884.7,3949.9,3613.7,3650.6,Pre_Institutional,2,2219.6
2017-08-13,4073.3,4208.4,3857.8,3880.0,Pre_Institutional,2,3159.1
2017-08-14,4325.1,4325.1,3989.2,4066.1,Pre_Institutional,2,2463.1
2017-08-15,4181.9,4456.0,3906.2,4327.0,Pre_Institutional,2,3258.1
2017-08-16,4376.6,4381.2,3994.4,4200.3,Pre_Institutional,2,2272.0
2017-08-17,4331.7,4484.7,4243.7,4384.4,Pre_Institutional,2,2553.4
2017-08-18,4160.6,4370.1,4015.4,4324.3,Pre_Institutional,2,2941.7
2017-08-19,4193.7,4243.3,3970.6,4137.8,Pre_Institutional,2,2975.8
2017-08-20,4087.7,4196.3,4069.9,4189.3,Pre_Institutional,2,2109.8
2017-08-21,4001.7,4109.1,3988.6,4090.5,Pre_Institutional,2,2800.9
2017-08-22,4100.5,4128.8,3674.6,3998.4,Pre_Institutional,2,3764.2
2017-08-23,4151.5,4255.8,4078.4,4089.0,Pre_Institutional,2,2369.8
2017-08-24,4334.7,4376.4,4130.3,4137.6,Pre_Institutional,2,2037.8
2017-08-25,4371.6,4455.7,4307.4,4332.8,Pre_Institutional,2,1728.0
2017-08-26,4352.4,4379.3,4269.5,4372.1,Pre_Institutional,2,1511.6
2017-08-27,4382.9,4416.6,4317.3,4345.1,Pre_Institutional,2,1537.5
2017-08-28,4382.7,4403.9,4224.6,4384.5,Pre_Institutional,2,1959.3
2017-08-29,4579.0,4625.7,4352.1,4389.2,Pre_Institutional,2,2486.1
2017-08-30,4565.3,4626.5,4471.4,4570.4,Pre_Institutional,2,1937.8
2017-08-31,4703.4,4736.0,4549.4,4555.6,Pre_Institutional,2,1944.9
2017-09-01,4892.0,4892.0,4678.5,4701.8,Pre_Institutional,2,2599.1
2017-09-02,4578.8,4975.0,4469.2,4901.4,Pre_Institutional,2,2722.1
2017-09-03,4583.0,4714.1,4417.6,4585.3,Pre_Institutional,2,1933.2
2017-09-04,4236.3,4591.6,4108.4,4591.6,Pre_Institutional,2,2987.3
2017-09-05,4376.5,4427.8,3998.1,4228.3,Pre_Institutional,2,2698.0
2017-09-06,4597.1,4617.2,4376.6,4376.6,Pre_Institutional,2,2172.1
2017-09-07,4599.9,4655.0,4491.3,4589.1,Pre_Institutional,2,1844.6
2017-09-08,4228.8,4661.0,4075.2,4605.2,Pre_Institutional,2,2700.9
2017-09-09,4226.1,4308.8,4114.1,4229.8,Pre_Institutional,2,1386.2
2017-09-10,4122.9,4245.4,3951.0,4229.3,Pre_Institutional,2,1679.1
2017-09-11,4161.3,4261.7,4099.4,4122.5,Pre_Institutional,2,1557.3
2017-09-12,4130.8,4344.6,4085.2,4168.9,Pre_Institutional,2,1864.5
2017-09-13,3882.6,4132.0,3789.9,4132.0,Pre_Institutional,2,2219.4
2017-09-14,3154.9,3920.6,3153.9,3875.4,Pre_Institutional,2,2716.3
2017-09-15,3637.5,3733.4,2946.6,3166.3,Pre_Institutional,2,4148.1
2017-09-16,3625.0,3808.8,3487.8,3637.8,Pre_Institutional,2,1818.4
2017-09-17,3582.9,3664.8,3445.6,3606.3,Pre_Institutional,2,1239.1
2017-09-18,4065.2,4079.2,3591.1,3591.1,Pre_Institutional,2,1943.2
2017-09-19,3925.0,4094.1,3868.9,4073.8,Pre_Institutional,2,1564.0
2017-09-20,3905.9,4031.4,3857.7,3916.4,Pre_Institutional,2,1213.8
2017-09-21,3631.0,3916.4,3613.6,3901.5,Pre_Institutional,2,1411.5
2017-09-22,3630.7,3758.3,3553.5,3628.0,Pre_Institutional,2,1194.8
2017-09-23,3792.4,3819.2,3594.6,3629.9,Pre_Institutional,2,928.1
2017-09-24,3682.8,3796.1,3666.9,3796.1,Pre_Institutional,2,768.0
2017-09-25,3926.1,3950.2,3681.6,3681.6,Pre_Institutional,2,1374.2
2017-09-26,3892.4,3969.9,3869.9,3928.4,Pre_Institutional,2,1043.7
2017-09-27,4200.7,4210.0,3884.8,3892.9,Pre_Institutional,2,1686.9
2017-09-28,4174.7,4279.3,4109.7,4197.1,Pre_Institutional,2,1712.3
2017-09-29,4163.1,4214.6,4039.3,4171.6,Pre_Institutional,2,1367.0
2017-09-30,4338.7,4358.4,4160.9,4166.1,Pre_Institutional,2,1207.4
2017-10-01,4403.7,4403.7,4269.8,4341.0,Pre_Institutional,2,1208.2
2017-10-02,4409.3,4470.2,4377.5,4395.8,Pre_Institutional,2,1431.7
2017-10-03,4317.5,4432.5,4258.9,4408.5,Pre_Institutional,2,1288.0
2017-10-04,4229.4,4352.3,4210.4,4319.4,Pre_Institutional,2,1116.8
2017-10-05,4328.4,4362.6,4164.0,4229.9,Pre_Institutional,2,1161.8
2017-10-06,4370.8,4413.3,4320.5,4324.5,Pre_Institutional,2,1069.9
2017-10-07,4426.9,4443.9,4321.0,4369.4,Pre_Institutional,2,906.9
2017-10-08,4610.5,4624.1,4405.6,4429.7,Pre_Institutional,2,1313.9
2017-10-09,4772.0,4878.7,4564.2,4614.5,Pre_Institutional,2,1968.7
2017-10-10,4782.0,4922.2,4765.1,4776.2,Pre_Institutional,2,1597.1
2017-10-11,4826.5,4873.7,4751.6,4789.2,Pre_Institutional,2,1222.3
2017-10-12,5446.9,5446.9,4822.0,4829.6,Pre_Institutional,2,2791.6
2017-10-13,5647.2,5840.3,5436.9,5464.2,Pre_Institutional,2,3615.5
2017-10-14,5831.8,5837.7,5591.6,5643.5,Pre_Institutional,2,1669.0
2017-10-15,5678.2,5852.5,5478.6,5836.0,Pre_Institutional,2,1976.0
2017-10-16,5725.6,5776.2,5544.2,5687.6,Pre_Institutional,2,2008.1
2017-10-17,5605.5,5800.4,5472.7,5741.6,Pre_Institutional,2,1821.6
2017-10-18,5590.7,5603.8,5151.4,5603.8,Pre_Institutional,2,2399.3
2017-10-19,5708.5,5744.4,5531.1,5583.7,Pre_Institutional,2,1780.5
2017-10-20,6011.5,6060.1,5627.2,5708.1,Pre_Institutional,2,2354.4
2017-10-21,6031.6,6194.9,5965.1,5996.8,Pre_Institutional,2,2207.1
2017-10-22,6008.4,6076.3,5792.3,6036.7,Pre_Institutional,2,2034.6
2017-10-23,5930.3,6075.6,5732.5,6006.0,Pre_Institutional,2,2401.8
2017-10-24,5526.6,5935.5,5504.2,5935.5,Pre_Institutional,2,2735.7
2017-10-25,5750.8,5754.3,5397.9,5524.6,Pre_Institutional,2,1967.0
2017-10-26,5904.8,5976.8,5721.2,5748.0,Pre_Institutional,2,1905.0
2017-10-27,5780.9,5988.4,5728.8,5899.7,Pre_Institutional,2,1710.1
2017-10-28,5753.1,5876.7,5689.2,5787.8,Pre_Institutional,2,1403.9
2017-10-29,6153.9,6255.7,5724.6,5754.4,Pre_Institutional,2,2859.0
2017-10-30,6130.5,6215.0,6040.9,6114.9,Pre_Institutional,2,1772.2
2017-10-31,6468.4,6470.4,6103.3,6132.0,Pre_Institutional,2,2311.4
2017-11-01,6767.3,6767.3,6377.9,6441.0,Pre_Institutional,2,2870.3
2017-11-02,7078.5,7367.3,6758.7,6777.8,Pre_Institutional,2,4653.8
2017-11-03,7207.8,7461.3,7002.9,7087.5,Pre_Institutional,2,3369.9
2017-11-04,7380.0,7492.9,7031.3,7164.5,Pre_Institutional,2,2483.8
2017-11-05,7407.4,7617.5,7333.2,7404.5,Pre_Institutional,2,2380.4
2017-11-06,7022.8,7445.8,7007.3,7403.2,Pre_Institutional,2,3111.9
2017-11-07,7144.4,7253.3,7023.1,7023.1,Pre_Institutional,2,2326.3
2017-11-08,7459.7,7776.4,7114.0,7141.4,Pre_Institutional,2,4602.2
2017-11-09,7143.6,7446.8,7101.5,7446.8,Pre_Institutional,2,3226.2
2017-11-10,6618.1,7312.0,6436.9,7173.7,Pre_Institutional,2,5208.2
2017-11-11,6357.6,6873.1,6204.2,6618.6,Pre_Institutional,2,4908.7
2017-11-12,5950.1,6625.0,5519.0,6295.5,Pre_Institutional,2,8957.3
2017-11-13,6559.5,6811.2,5844.3,5938.2,Pre_Institutional,2,6263.2
2017-11-14,6635.8,6765.0,6461.8,6561.5,Pre_Institutional,2,3197.1
2017-11-15,7315.5,7342.2,6634.8,6634.8,Pre_Institutional,2,4200.9
2017-11-16,7871.7,7967.4,7176.6,7323.2,Pre_Institutional,2,5123.8
2017-11-17,7709.0,8004.6,7561.1,7853.6,Pre_Institutional,2,4651.7
2017-11-18,7790.1,7885.0,7463.4,7697.2,Pre_Institutional,2,3667.2
2017-11-19,8036.5,8101.9,7694.1,7766.0,Pre_Institutional,2,3149.3
2017-11-20,8200.6,8336.9,7949.4,8039.1,Pre_Institutional,2,3488.5
2017-11-21,8071.3,8348.7,7762.7,8205.7,Pre_Institutional,2,4277.6
2017-11-22,8253.5,8302.3,8075.5,8078.0,Pre_Institutional,2,3633.5
2017-11-23,8038.8,8267.4,8038.8,8232.4,Pre_Institutional,2,4225.2
2017-11-24,8253.7,8374.2,7940.9,8074.0,Pre_Institutional,2,5058.6
2017-11-25,8790.9,8790.9,8191.1,8241.7,Pre_Institutional,2,4342.1
2017-11-26,9330.5,9522.9,8775.6,8789.0,Pre_Institutional,2,5475.6
2017-11-27,9818.3,9818.3,9352.7,9352.7,Pre_Institutional,2,5653.3
2017-11-28,10058.8,10125.7,9736.3,9823.4,Pre_Institutional,2,6348.8
2017-11-29,9888.6,11517.4,9601.0,10077.4,Pre_Institutional,2,11568.8
2017-11-30,10233.6,10801.0,9202.0,9906.8,Pre_Institutional,2,8310.7
2017-12-01,10975.6,11046.7,9694.7,10198.6,Pre_Institutional,2,6783.1
2017-12-02,11074.6,11320.2,10905.1,10978.3,Pre_Institutional,2,5138.5
2017-12-03,11323.2,11858.7,10862.0,11082.7,Pre_Institutional,2,6608.3
2017-12-04,11657.2,11657.2,11081.8,11315.4,Pre_Institutional,2,6132.4
2017-12-05,11916.7,12032.0,11604.6,11685.7,Pre_Institutional,2,6895.3
2017-12-06,14291.5,14369.1,11923.4,11923.4,Pre_Institutional,2,12656.3
2017-12-07,17899.7,17899.7,14057.3,14266.1,Pre_Institutional,2,17950.7
2017-12-08,16569.4,18353.4,14336.9,17802.9,Pre_Institutional,2,21136.0
2017-12-09,15178.2,16783.0,13674.9,16523.3,Pre_Institutional,2,13911.3
2017-12-10,15455.4,15850.6,13226.6,15168.4,Pre_Institutional,2,13433.3
2017-12-11,16936.8,17513.9,15404.8,15427.4,Pre_Institutional,2,12153.9
2017-12-12,17415.4,17781.8,16571.6,16919.8,Pre_Institutional,2,14603.8
2017-12-13,16408.2,17653.1,16039.7,17500.0,Pre_Institutional,2,12976.9
2017-12-14,16564.0,17085.8,16185.9,16384.6,Pre_Institutional,2,13777.4
2017-12-15,17706.9,18154.1,16601.3,16601.3,Pre_Institutional,2,14310.0
2017-12-16,19497.4,19716.7,17515.3,17760.3,Pre_Institutional,2,12740.6
2017-12-17,19140.8,20089.0,18974.1,19475.8,Pre_Institutional,2,13314.6
2017-12-18,19114.2,19371.0,18355.9,19106.4,Early_Institutional,2,14839.5
2017-12-19,17776.7,19177.8,17275.4,19118.3,Early_Institutional,2,16894.5
2017-12-20,16624.6,17934.7,16077.7,17760.3,Early_Institutional,2,22149.7
2017-12-21,15802.9,17567.7,15342.7,16642.4,Early_Institutional,2,16516.6
2017-12-22,13831.8,15943.4,11833.0,15898.0,Early_Institutional,2,22198.0
2017-12-23,14699.2,15603.2,13828.8,13948.7,Early_Institutional,2,13086.0
2017-12-24,13925.8,14626.0,12747.7,14608.2,Early_Institutional,2,11572.3
2017-12-25,14026.6,14593.0,13448.9,13995.9,Early_Institutional,2,10664.7
2017-12-26,16099.8,16461.2,14028.9,14036.6,Early_Institutional,2,13454.3
2017-12-27,15838.5,16930.9,15114.3,16163.5,Early_Institutional,2,12487.6
2017-12-28,14606.5,15888.4,13937.3,15864.1,Early_Institutional,2,12336.5
2017-12-29,14656.2,15279.0,14307.0,14695.8,Early_Institutional,2,13025.5
2017-12-30,12952.2,14681.9,12350.1,14681.9,Early_Institutional,2,14452.6
2017-12-31,14156.4,14377.4,12755.6,12897.7,Early_Institutional,2,12136.3
2018-01-01,13657.2,14112.2,13154.7,14112.2,Early_Institutional,2,10291.2
2018-01-02,14982.1,15444.6,13163.6,13625.0,Early_Institutional,2,16846.6
2018-01-03,15201.0,15572.8,14844.5,14978.2,Early_Institutional,2,16871.9
2018-01-04,15599.2,15739.7,14522.2,15270.7,Early_Institutional,2,21783.2
2018-01-05,17429.5,17705.2,15202.8,15477.2,Early_Institutional,2,23840.9
2018-01-06,17527.0,17712.4,16764.6,17462.1,Early_Institutional,2,18314.6
2018-01-07,16477.6,17579.6,16087.7,17527.3,Early_Institutional,2,15866.0
2018-01-08,15170.1,16537.9,14208.2,16476.2,Early_Institutional,2,18413.9
2018-01-09,14595.4,15497.5,14424.0,15123.7,Early_Institutional,2,16660.0
2018-01-10,14973.3,14973.3,13691.2,14588.5,Early_Institutional,2,18500.8
2018-01-11,13405.8,15018.8,13105.9,14968.2,Early_Institutional,2,16534.1
2018-01-12,13980.6,14229.9,13158.1,13453.9,Early_Institutional,2,12065.7
2018-01-13,14360.2,14659.5,13952.4,13952.4,Early_Institutional,2,12763.6
2018-01-14,13772.0,14511.8,13268.0,14370.8,Early_Institutional,2,11084.1
2018-01-15,13819.8,14445.5,13641.7,13767.3,Early_Institutional,2,12750.8
2018-01-16,11490.5,13843.1,10194.9,13836.1,Early_Institutional,2,18853.8
2018-01-17,11188.6,11678.0,9402.3,11431.1,Early_Institutional,2,18830.6
2018-01-18,11474.9,12107.3,10942.5,11198.8,Early_Institutional,2,15020.4
2018-01-19,11607.4,11992.8,11172.1,11429.8,Early_Institutional,2,10740.4
2018-01-20,12899.2,13103.0,11656.2,11656.2,Early_Institutional,2,11801.7
2018-01-21,11600.1,12895.9,11288.2,12889.2,Early_Institutional,2,9935.2
2018-01-22,10931.4,11966.4,10240.2,11633.1,Early_Institutional,2,10537.4
2018-01-23,10868.4,11377.6,10129.7,10944.5,Early_Institutional,2,9660.6
2018-01-24,11359.4,11501.4,10639.8,10903.4,Early_Institutional,2,9941.0
2018-01-25,11259.4,11785.7,11057.4,11421.7,Early_Institutional,2,8873.2
2018-01-26,11171.4,11656.7,10470.3,11256.0,Early_Institutional,2,9746.2
2018-01-27,11440.7,11614.9,10989.2,11174.9,Early_Institutional,2,7583.3
2018-01-28,11786.3,12040.3,11475.3,11475.3,Early_Institutional,2,8350.4
2018-01-29,11296.4,11875.6,11179.2,11755.5,Early_Institutional,2,7107.4
2018-01-30,10106.3,11307.2,10036.2,11306.8,Early_Institutional,2,8637.9
2018-01-31,10221.1,10381.6,9777.4,10108.2,Early_Institutional,2,8041.2
2018-02-01,9170.5,10288.8,8812.3,10237.3,Early_Institutional,2,9959.4
2018-02-02,8830.8,9142.3,7796.5,9142.3,Early_Institutional,2,12726.9
2018-02-03,9174.9,9430.8,8251.6,8852.1,Early_Institutional,2,7263.8
2018-02-04,8277.0,9334.9,8031.2,9175.7,Early_Institutional,2,7073.5
2018-02-05,6955.3,8364.8,6756.7,8270.5,Early_Institutional,2,9285.3
2018-02-06,7754.0,7850.7,6048.3,7051.8,Early_Institutional,2,13999.8
2018-02-07,7621.3,8509.1,7236.8,7755.5,Early_Institutional,2,9169.3
2018-02-08,8265.6,8558.8,7637.9,7637.9,Early_Institutional,2,9346.8
2018-02-09,8737.0,8737.0,7884.7,8271.8,Early_Institutional,2,6784.8
2018-02-10,8621.9,9122.5,8295.5,8720.1,Early_Institutional,2,7781.0
2018-02-11,8130.0,8616.1,7931.1,8616.1,Early_Institutional,2,6122.2
2018-02-12,8926.6,8985.9,8141.4,8141.4,Early_Institutional,2,6256.4
2018-02-13,8598.3,8958.5,8455.4,8926.7,Early_Institutional,2,5696.7
2018-02-14,9494.6,9518.5,8599.9,8599.9,Early_Institutional,2,7909.8
2018-02-15,10166.4,10234.8,9395.6,9488.3,Early_Institutional,2,9062.5
2018-02-16,10233.9,10324.1,9824.8,10135.7,Early_Institutional,2,7296.2
2018-02-17,11112.7,11139.5,10149.4,10207.5,Early_Institutional,2,8660.9
2018-02-18,10551.8,11349.8,10326.0,11123.4,Early_Institutional,2,8744.0
2018-02-19,11225.3,11273.8,10513.2,10552.6,Early_Institutional,2,7652.1
2018-02-20,11403.7,11958.5,11231.8,11231.8,Early_Institutional,2,9926.5
2018-02-21,10690.4,11418.5,10479.1,11372.2,Early_Institutional,2,9405.3
2018-02-22,10005.0,11039.1,9939.1,10660.4,Early_Institutional,2,8040.1
2018-02-23,10301.1,10487.3,9734.6,9937.1,Early_Institutional,2,7739.5
2018-02-24,9813.1,10597.2,9547.0,10287.7,Early_Institutional,2,6917.9
2018-02-25,9664.7,9923.2,9407.1,9796.4,Early_Institutional,2,5706.9
2018-02-26,10366.7,10475.0,9501.7,9669.4,Early_Institutional,2,7287.7
2018-02-27,10725.6,10878.5,10246.1,10393.9,Early_Institutional,2,6966.2
2018-02-28,10397.9,11089.8,10393.1,10687.2,Early_Institutional,2,6936.2
2018-03-01,10951.0,11052.3,10352.7,10385.0,Early_Institutional,2,7317.3
2018-03-02,11086.4,11189.0,10850.1,10977.4,Early_Institutional,2,7620.6
2018-03-03,11489.7,11528.2,11002.4,11101.9,Early_Institutional,2,6690.6
2018-03-04,11512.6,11512.6,11136.1,11497.4,Early_Institutional,2,6084.1
2018-03-05,11573.3,11704.1,11443.9,11532.4,Early_Institutional,2,6468.5
2018-03-06,10779.9,11500.1,10694.3,11500.1,Early_Institutional,2,6832.2
2018-03-07,9965.6,10929.5,9692.1,10803.9,Early_Institutional,2,8797.9
2018-03-08,9395.0,10147.4,9335.9,9951.4,Early_Institutional,2,7186.1
2018-03-09,9337.5,9466.3,8513.0,9414.7,Early_Institutional,2,8704.2
2018-03-10,8866.0,9531.3,8828.5,9350.6,Early_Institutional,2,5386.3
2018-03-11,9578.6,9711.9,8607.1,8852.8,Early_Institutional,2,6296.4
2018-03-12,9205.1,9937.5,8956.4,9602.9,Early_Institutional,2,6457.4
2018-03-13,9194.8,9470.4,8958.2,9173.0,Early_Institutional,2,5991.1
2018-03-14,8269.8,9355.8,8068.6,9214.7,Early_Institutional,2,6438.2
2018-03-15,8300.9,8428.3,7783.0,8290.8,Early_Institutional,2,6834.4
2018-03-16,8338.3,8585.2,8005.3,8322.9,Early_Institutional,2,5289.4
2018-03-17,7916.9,8346.5,7812.8,8321.9,Early_Institutional,2,4426.1
2018-03-18,8223.7,8245.5,7398.0,7890.5,Early_Institutional,2,6639.2
2018-03-19,8630.7,8675.9,8182.4,8344.1,Early_Institutional,2,6729.1
2018-03-20,8913.5,9051.0,8389.9,8619.7,Early_Institutional,2,6361.8
2018-03-21,8929.3,9177.4,8846.3,8937.5,Early_Institutional,2,6043.1
2018-03-22,8728.5,9100.7,8564.9,8939.4,Early_Institutional,2,5530.4
2018-03-23,8879.6,8879.6,8360.6,8736.2,Early_Institutional,2,5954.1
2018-03-24,8668.1,8996.2,8665.7,8902.0,Early_Institutional,2,5664.6
2018-03-25,8495.8,8682.0,8449.1,8612.8,Early_Institutional,2,4569.9
2018-03-26,8209.4,8530.1,7921.4,8498.5,Early_Institutional,2,5921.0
2018-03-27,7833.0,8232.8,7797.3,8200.0,Early_Institutional,2,5378.3
2018-03-28,7954.5,8122.9,7809.2,7836.8,Early_Institutional,2,4935.3
2018-03-29,7165.7,7994.3,7081.4,7979.1,Early_Institutional,2,6361.2
2018-03-30,6890.5,7276.7,6683.9,7171.5,Early_Institutional,2,6289.5
2018-03-31,6973.5,7207.9,6863.5,6892.5,Early_Institutional,2,4553.3
2018-04-01,6844.2,7061.0,6526.9,7003.1,Early_Institutional,2,4532.1
2018-04-02,7083.8,7135.5,6816.6,6844.9,Early_Institutional,2,4333.4
2018-04-03,7456.1,7530.9,7072.5,7102.3,Early_Institutional,2,5499.7
2018-04-04,6853.8,7469.9,6803.9,7456.4,Early_Institutional,2,4936.0
2018-04-05,6811.5,6933.8,6644.8,6848.6,Early_Institutional,2,5639.3
2018-04-06,6636.3,6857.5,6575.0,6816.0,Early_Institutional,2,3766.8
2018-04-07,6911.1,7050.5,6630.5,6630.5,Early_Institutional,2,3976.6
2018-04-08,7023.5,7111.6,6920.0,6920.0,Early_Institutional,2,3652.5
2018-04-09,6770.7,7178.1,6662.0,7044.3,Early_Institutional,2,4894.1
2018-04-10,6834.8,6872.4,6704.1,6795.4,Early_Institutional,2,4272.8
2018-04-11,6968.3,6968.3,6817.6,6843.5,Early_Institutional,2,4641.9
2018-04-12,7889.2,7899.2,6806.5,6955.4,Early_Institutional,2,8906.3
2018-04-13,7896.0,8184.0,7758.9,7901.1,Early_Institutional,2,7764.5
2018-04-14,7986.2,8140.7,7846.0,7874.7,Early_Institutional,2,5191.4
2018-04-15,8329.1,8338.4,7999.3,7999.3,Early_Institutional,2,5244.5
2018-04-16,8058.7,8371.2,7925.7,8337.6,Early_Institutional,2,5631.3
2018-04-17,7902.1,8286.0,7881.7,8071.7,Early_Institutional,2,6900.9
2018-04-18,8163.4,8197.8,7886.0,7944.4,Early_Institutional,2,6529.9
2018-04-19,8294.3,8298.7,8138.8,8159.3,Early_Institutional,2,7063.2
2018-04-20,8845.8,8880.2,8244.5,8286.9,Early_Institutional,2,8438.1
2018-04-21,8895.6,8997.6,8652.2,8848.8,Early_Institutional,2,7548.6
2018-04-22,8802.5,9001.6,8779.6,8925.1,Early_Institutional,2,6629.9
2018-04-23,8930.9,8958.5,8788.8,8794.4,Early_Institutional,2,6925.2
2018-04-24,9697.5,9732.6,8927.8,8934.3,Early_Institutional,2,10678.8
2018-04-25,8845.7,9745.3,8799.8,9701.0,Early_Institutional,2,11083.1
2018-04-26,9281.5,9281.5,8727.1,8867.3,Early_Institutional,2,8970.6
2018-04-27,8987.0,9375.5,8987.0,9290.6,Early_Institutional,2,7566.3
2018-04-28,9348.5,9412.1,8932.0,8939.3,Early_Institutional,2,7805.5
2018-04-29,9419.1,9531.5,9193.7,9346.4,Early_Institutional,2,8853.0
2018-04-30,9240.5,9477.1,9166.8,9426.1,Early_Institutional,2,8673.9
2018-05-01,9119.0,9255.9,8891.0,9251.5,Early_Institutional,2,7713.0
2018-05-02,9235.9,9256.5,9015.1,9104.6,Early_Institutional,2,7558.2
2018-05-03,9743.9,9798.3,9188.2,9234.0,Early_Institutional,2,10207.3
2018-05-04,9700.8,9779.2,9586.0,9695.5,Early_Institutional,2,8217.8
2018-05-05,9858.2,9964.5,9695.1,9700.3,Early_Institutional,2,7651.9
2018-05-06,9654.8,9940.1,9465.2,9845.3,Early_Institutional,2,7222.3
2018-05-07,9373.0,9665.8,9231.5,9645.7,Early_Institutional,2,7394.0
2018-05-08,9234.8,9462.8,9127.8,9380.9,Early_Institutional,2,7415.9
2018-05-09,9325.2,9374.8,9031.6,9223.7,Early_Institutional,2,7226.9
2018-05-10,9043.9,9396.0,9040.5,9326.0,Early_Institutional,2,6906.7
2018-05-11,8441.5,9053.0,8394.5,9053.0,Early_Institutional,2,8488.5
2018-05-12,8504.9,8664.9,8223.5,8441.4,Early_Institutional,2,6821.4
2018-05-13,8723.9,8773.5,8395.1,8515.5,Early_Institutional,2,5866.4
2018-05-14,8716.8,8881.1,8368.0,8713.1,Early_Institutional,2,7364.1
2018-05-15,8510.4,8836.2,8456.5,8705.2,Early_Institutional,2,6705.7
2018-05-16,8368.8,8508.4,8175.5,8504.4,Early_Institutional,2,6760.2
2018-05-17,8094.3,8445.5,8054.1,8370.0,Early_Institutional,2,5862.5
2018-05-18,8251.0,8274.1,7974.8,8091.8,Early_Institutional,2,5764.2
2018-05-19,8247.2,8372.1,8183.4,8255.7,Early_Institutional,2,4712.4
2018-05-20,8513.2,8562.4,8205.2,8247.0,Early_Institutional,2,5191.1
2018-05-21,8419.0,8557.5,8365.1,8522.3,Early_Institutional,2,5155.0
2018-05-22,8041.8,8423.2,8004.6,8419.9,Early_Institutional,2,5137.0
2018-05-23,7557.8,8054.7,7507.9,8037.1,Early_Institutional,2,6491.1
2018-05-24,7587.3,7738.6,7331.1,7561.1,Early_Institutional,2,6049.2
2018-05-25,7480.1,7659.1,7392.6,7592.3,Early_Institutional,2,4867.8
2018-05-26,7355.9,7595.2,7349.1,7486.5,Early_Institutional,2,4051.5
2018-05-27,7368.2,7381.7,7271.0,7362.1,Early_Institutional,2,4056.5
2018-05-28,7136.0,7419.0,7100.9,7371.3,Early_Institutional,2,5040.6
2018-05-29,7472.6,7526.4,7090.7,7129.5,Early_Institutional,2,5662.7
2018-05-30,7406.5,7573.8,7313.6,7469.7,Early_Institutional,2,4922.5
2018-05-31,7494.2,7608.9,7361.1,7406.1,Early_Institutional,2,5127.1
2018-06-01,7541.5,7604.7,7407.3,7500.7,Early_Institutional,2,4921.5
2018-06-02,7643.5,7695.8,7497.3,7536.7,Early_Institutional,2,4939.3
2018-06-03,7720.2,7754.9,7613.0,7632.1,Early_Institutional,2,4851.8
2018-06-04,7514.5,7753.8,7474.0,7722.5,Early_Institutional,2,4993.2
2018-06-05,7633.8,7643.2,7397.0,7500.9,Early_Institutional,2,4961.7
2018-06-06,7654.0,7680.4,7502.0,7626.0,Early_Institutional,2,4692.3
2018-06-07,7678.2,7741.3,7650.8,7650.8,Early_Institutional,2,4485.8
2018-06-08,7624.9,7698.2,7558.4,7685.1,Early_Institutional,2,4227.6
2018-06-09,7532.0,7683.6,7532.0,7632.5,Early_Institutional,2,3845.2
2018-06-10,6786.0,7499.5,6709.1,7499.5,Early_Institutional,2,5804.8
2018-06-11,6906.9,6910.2,6706.6,6799.3,Early_Institutional,2,4745.3
2018-06-12,6582.4,6908.0,6542.1,6905.8,Early_Institutional,2,4654.4
2018-06-13,6349.9,6631.7,6285.6,6596.9,Early_Institutional,2,5052.3
2018-06-14,6675.4,6707.1,6334.5,6342.8,Early_Institutional,2,5138.7
2018-06-15,6456.6,6681.1,6433.9,6674.1,Early_Institutional,2,3955.4
2018-06-16,6550.2,6592.5,6402.3,6455.5,Early_Institutional,2,3194.2
2018-06-17,6499.3,6589.1,6499.3,6545.5,Early_Institutional,2,3104.0
2018-06-18,6734.8,6781.1,6446.7,6510.1,Early_Institutional,2,4039.2
2018-06-19,6769.9,6822.5,6709.9,6742.4,Early_Institutional,2,4057.0
2018-06-20,6776.5,6821.6,6611.9,6770.8,Early_Institutional,2,3888.6
2018-06-21,6729.7,6810.9,6715.2,6780.1,Early_Institutional,2,3529.1
2018-06-22,6083.7,6747.1,6006.6,6737.9,Early_Institutional,2,5079.8
2018-06-23,6162.5,6224.8,6071.8,6090.1,Early_Institutional,2,3431.4
2018-06-24,6173.2,6223.8,5826.4,6164.3,Early_Institutional,2,4566.9
2018-06-25,6249.2,6327.4,6119.7,6172.0,Early_Institutional,2,5500.8
2018-06-26,6093.7,6290.2,6093.7,6253.5,Early_Institutional,2,3279.8
2018-06-27,6157.1,6180.0,6052.9,6084.4,Early_Institutional,2,3296.2
2018-06-28,5903.4,6170.4,5873.0,6153.2,Early_Institutional,2,3467.8
2018-06-29,6218.3,6261.7,5835.8,5898.1,Early_Institutional,2,3966.2
2018-06-30,6404.0,6465.5,6214.2,6214.2,Early_Institutional,2,4543.9
2018-07-01,6385.8,6432.9,6289.3,6411.7,Early_Institutional,2,4788.3
2018-07-02,6614.2,6683.9,6305.7,6380.4,Early_Institutional,2,4396.9
2018-07-03,6529.6,6671.4,6447.8,6596.7,Early_Institutional,2,4672.3
2018-07-04,6597.5,6771.9,6450.5,6550.9,Early_Institutional,2,4176.7
2018-07-05,6639.1,6749.5,6546.6,6599.7,Early_Institutional,2,4999.2
2018-07-06,6673.5,6700.9,6533.5,6638.7,Early_Institutional,2,4314.0
2018-07-07,6856.9,6864.0,6579.2,6668.7,Early_Institutional,2,3961.1
2018-07-08,6773.9,6885.9,6748.0,6857.8,Early_Institutional,2,3386.2
2018-07-09,6741.8,6838.7,6724.3,6775.1,Early_Institutional,2,3718.1
2018-07-10,6330.0,6767.7,6320.7,6739.2,Early_Institutional,2,4052.4
2018-07-11,6394.7,6445.0,6330.5,6330.8,Early_Institutional,2,3644.9
2018-07-12,6228.8,6397.1,6136.4,6396.8,Early_Institutional,2,3770.2
2018-07-13,6238.0,6310.5,6192.2,6235.0,Early_Institutional,2,3805.4
2018-07-14,6276.1,6298.2,6212.2,6247.5,Early_Institutional,2,2923.7
2018-07-15,6359.6,6403.5,6256.5,6272.7,Early_Institutional,2,3285.5
2018-07-16,6741.8,6741.8,6357.0,6357.0,Early_Institutional,2,4725.8
2018-07-17,7321.0,7387.2,6684.2,6739.6,Early_Institutional,2,5962.0
2018-07-18,7370.8,7535.0,7280.5,7315.3,Early_Institutional,2,6103.4
2018-07-19,7466.9,7494.5,7295.5,7378.2,Early_Institutional,2,5111.6
2018-07-20,7354.1,7594.7,7323.3,7467.4,Early_Institutional,2,4936.9
2018-07-21,7419.3,7437.6,7262.4,7352.7,Early_Institutional,2,3726.6
2018-07-22,7418.5,7538.0,7383.8,7417.8,Early_Institutional,2,3695.5
2018-07-23,7711.1,7771.5,7409.1,7414.7,Early_Institutional,2,5132.5
2018-07-24,8424.3,8424.3,7705.5,7716.5,Early_Institutional,2,7277.7
2018-07-25,8181.4,8416.9,8086.4,8379.7,Early_Institutional,2,5845.4
2018-07-26,7951.6,8290.3,7878.7,8176.9,Early_Institutional,2,4899.1
2018-07-27,8165.0,8262.7,7839.8,7950.4,Early_Institutional,2,5195.9
2018-07-28,8192.2,8222.8,8110.8,8169.1,Early_Institutional,2,3988.8
2018-07-29,8218.5,8272.3,8141.2,8205.8,Early_Institutional,2,4107.2
2018-07-30,8180.5,8235.5,7917.5,8221.6,Early_Institutional,2,5551.4
2018-07-31,7780.4,8181.5,7696.9,8181.2,Early_Institutional,2,5287.5
2018-08-01,7624.9,7769.0,7505.0,7769.0,Early_Institutional,2,4797.6
2018-08-02,7567.1,7712.8,7523.4,7634.2,Early_Institutional,2,4214.1
2018-08-03,7434.4,7562.1,7328.6,7562.1,Early_Institutional,2,4627.2
2018-08-04,7032.9,7497.5,6984.1,7438.7,Early_Institutional,2,4268.4
2018-08-05,7068.5,7102.8,6940.7,7031.1,Early_Institutional,2,3679.1
2018-08-06,6951.8,7166.5,6890.5,7062.9,Early_Institutional,2,3925.9
2018-08-07,6753.1,7146.6,6748.2,6958.3,Early_Institutional,2,4682.8
2018-08-08,6305.8,6746.9,6226.2,6746.9,Early_Institutional,2,5064.4
2018-08-09,6568.2,6625.7,6249.1,6305.6,Early_Institutional,2,4267.0
2018-08-10,6184.7,6591.3,6124.5,6571.4,Early_Institutional,2,4528.7
2018-08-11,6295.7,6455.7,6109.0,6185.8,Early_Institutional,2,4047.8
2018-08-12,6322.7,6409.9,6237.5,6283.6,Early_Institutional,2,5665.2
2018-08-13,6297.6,6537.0,6225.7,6341.4,Early_Institutional,2,4084.0
2018-08-14,6199.7,6287.9,5971.0,6287.7,Early_Institutional,2,5301.7
2018-08-15,6308.5,6588.5,6221.4,6221.4,Early_Institutional,2,4895.4
2018-08-16,6334.7,6473.5,6276.4,6294.2,Early_Institutional,2,4328.4
2018-08-17,6580.6,6582.5,6325.0,6340.9,Early_Institutional,2,4993.0
2018-08-18,6423.8,6617.4,6353.7,6583.4,Early_Institutional,2,3984.5
2018-08-19,6506.1,6538.0,6361.5,6422.6,Early_Institutional,2,3311.2
2018-08-20,6308.5,6536.9,6297.9,6500.5,Early_Institutional,2,3665.1
2018-08-21,6488.8,6500.9,6298.2,6301.1,Early_Institutional,2,3377.2
2018-08-22,6376.7,6816.8,6310.1,6486.2,Early_Institutional,2,4668.1
2018-08-23,6534.9,6546.5,6371.3,6371.3,Early_Institutional,2,3426.2
2018-08-24,6720.0,6720.0,6498.6,6551.5,Early_Institutional,2,4097.8
2018-08-25,6763.2,6789.6,6701.0,6720.0,Early_Institutional,2,3312.6
2018-08-26,6707.3,6774.8,6620.8,6754.6,Early_Institutional,2,3295.5
2018-08-27,6884.6,6884.6,6689.7,6710.8,Early_Institutional,2,4019.0
2018-08-28,7096.3,7109.6,6882.3,6891.1,Early_Institutional,2,4659.9
2018-08-29,7047.2,7113.3,6970.8,7091.7,Early_Institutional,2,4145.9
2018-08-30,6978.2,7072.7,6834.7,7043.8,Early_Institutional,2,4463.2
2018-08-31,7037.6,7057.2,6920.2,6974.0,Early_Institutional,2,4495.6
2018-09-01,7193.2,7242.3,7038.0,7044.8,Early_Institutional,2,4116.0
2018-09-02,7272.7,7306.3,7132.2,7189.6,Early_Institutional,2,4329.5
2018-09-03,7260.1,7317.9,7208.1,7279.0,Early_Institutional,2,4087.8
2018-09-04,7361.7,7388.3,7255.4,7263.0,Early_Institutional,2,4273.6
2018-09-05,6792.8,7388.4,6792.8,7361.5,Early_Institutional,2,5800.5
2018-09-06,6529.2,6755.1,6404.7,6755.1,Early_Institutional,2,5523.5
2018-09-07,6467.1,6555.3,6396.9,6528.9,Early_Institutional,2,4264.7
2018-09-08,6226.0,6534.2,6197.5,6460.2,Early_Institutional,2,3835.1
2018-09-09,6300.9,6446.3,6201.2,6223.4,Early_Institutional,2,3671.9
2018-09-10,6329.7,6375.0,6292.8,6301.6,Early_Institutional,2,3714.1
2018-09-11,6321.2,6398.9,6260.2,6331.9,Early_Institutional,2,3849.9
2018-09-12,6351.8,6363.9,6265.1,6317.0,Early_Institutional,2,4064.2
2018-09-13,6517.3,6535.4,6354.2,6354.2,Early_Institutional,2,4210.9
2018-09-14,6512.7,6596.1,6456.2,6515.4,Early_Institutional,2,4076.2
2018-09-15,6543.2,6561.7,6493.5,6509.4,Early_Institutional,2,3216.3
2018-09-16,6517.2,6544.3,6460.1,6536.7,Early_Institutional,2,3273.7
2018-09-17,6281.2,6540.2,6257.5,6514.1,Early_Institutional,2,3910.8
2018-09-18,6371.3,6384.2,6265.7,6280.9,Early_Institutional,2,4180.1
2018-09-19,6398.5,6448.5,6208.3,6371.9,Early_Institutional,2,4431.3
2018-09-20,6519.7,6529.3,6396.0,6398.9,Early_Institutional,2,4348.1
2018-09-21,6735.0,6794.3,6496.4,6513.9,Early_Institutional,2,6531.9
2018-09-22,6722.0,6814.6,6616.8,6735.0,Early_Institutional,2,4509.7
2018-09-23,6710.6,6766.1,6679.4,6715.3,Early_Institutional,2,4197.5
2018-09-24,6595.4,6713.6,6580.9,6704.8,Early_Institutional,2,4177.3
2018-09-25,6446.5,6603.6,6381.9,6603.6,Early_Institutional,2,4726.2
2018-09-26,6495.0,6585.9,6397.9,6452.8,Early_Institutional,2,4437.3
2018-09-27,6676.8,6712.1,6465.0,6495.3,Early_Institutional,2,4606.8
2018-09-28,6644.1,6785.0,6598.3,6678.8,Early_Institutional,2,5014.4
2018-09-29,6602.0,6643.1,6511.6,6643.1,Early_Institutional,2,4363.7
2018-09-30,6625.6,6643.8,6566.5,6604.7,Early_Institutional,2,4002.3
2018-10-01,6589.6,6653.3,6549.1,6619.9,Early_Institutional,2,4001.0
2018-10-02,6556.1,6611.8,6537.9,6593.2,Early_Institutional,2,3979.3
2018-10-03,6502.6,6571.5,6454.0,6553.9,Early_Institutional,2,3887.3
2018-10-04,6576.7,6603.3,6497.9,6497.9,Early_Institutional,2,3838.4
2018-10-05,6622.5,6623.6,6557.4,6574.1,Early_Institutional,2,3671.5
2018-10-06,6588.3,6628.5,6577.8,6622.5,Early_Institutional,2,3259.7
2018-10-07,6603.0,6641.5,6557.0,6590.7,Early_Institutional,2,3306.6
2018-10-08,6652.2,6675.1,6576.0,6600.2,Early_Institutional,2,3979.5
2018-10-09,6642.6,6661.4,6606.9,6653.1,Early_Institutional,2,3580.8
2018-10-10,6585.5,6640.3,6539.0,6640.3,Early_Institutional,2,3787.6
2018-10-11,6256.2,6586.7,6243.7,6586.7,Early_Institutional,2,5181.6
2018-10-12,6274.6,6328.5,6236.5,6239.2,Early_Institutional,2,3783.5
2018-10-13,6286.0,6308.5,6259.8,6278.1,Early_Institutional,2,3064.0
2018-10-14,6290.9,6363.2,6280.1,6288.5,Early_Institutional,2,3085.3
2018-10-15,6596.5,6965.1,6258.7,6292.6,Early_Institutional,2,7370.8
2018-10-16,6596.1,6673.6,6571.4,6601.4,Early_Institutional,2,4074.8
2018-10-17,6544.4,6601.2,6517.5,6590.5,Early_Institutional,2,4088.4
2018-10-18,6476.7,6567.5,6450.0,6542.3,Early_Institutional,2,3924.1
2018-10-19,6465.4,6493.7,6445.3,6478.1,Early_Institutional,2,3578.9
2018-10-20,6489.2,6497.7,6449.0,6460.9,Early_Institutional,2,3379.1
2018-10-21,6482.4,6556.4,6476.0,6490.1,Early_Institutional,2,3253.6
2018-10-22,6487.2,6543.8,6463.0,6486.0,Early_Institutional,2,3672.9
2018-10-23,6475.7,6506.0,6451.3,6472.4,Early_Institutional,2,3716.2
2018-10-24,6495.8,6522.0,6468.9,6478.9,Early_Institutional,2,3424.7
2018-10-25,6476.3,6504.6,6447.0,6484.6,Early_Institutional,2,3230.6
2018-10-26,6474.8,6498.3,6449.6,6468.4,Early_Institutional,2,3306.0
2018-10-27,6480.4,6507.4,6453.5,6480.8,Early_Institutional,2,3393.2
2018-10-28,6486.4,6502.3,6447.9,6482.7,Early_Institutional,2,3445.2
2018-10-29,6332.6,6503.6,6307.0,6492.4,Early_Institutional,2,4199.9
2018-10-30,6334.3,6365.0,6310.1,6337.0,Early_Institutional,2,3781.1
2018-10-31,6317.6,6349.2,6316.9,6337.0,Early_Institutional,2,4191.2
2018-11-01,6377.8,6547.1,6311.8,6318.1,Early_Institutional,2,3789.4
2018-11-02,6388.4,6396.9,6327.4,6378.9,Early_Institutional,2,4234.9
2018-11-03,6361.3,6400.1,6342.4,6387.2,Early_Institutional,2,3658.6
2018-11-04,6376.1,6388.6,6294.6,6365.5,Early_Institutional,2,4390.0
2018-11-05,6419.7,6480.6,6363.6,6363.6,Early_Institutional,2,4174.8
2018-11-06,6461.0,6463.5,6408.2,6433.4,Early_Institutional,2,4700.0
2018-11-07,6530.1,6552.2,6468.3,6468.5,Early_Institutional,2,4941.3
2018-11-08,6453.7,6536.9,6438.5,6522.3,Early_Institutional,2,4665.3
2018-11-09,6385.6,6456.5,6373.4,6442.6,Early_Institutional,2,4346.8
2018-11-10,6409.2,6437.3,6385.3,6386.1,Early_Institutional,2,3705.3
2018-11-11,6411.3,6423.2,6350.2,6413.6,Early_Institutional,2,3939.1
2018-11-12,6371.3,6434.2,6360.5,6411.8,Early_Institutional,2,4295.8
2018-11-13,6359.5,6395.3,6342.7,6373.2,Early_Institutional,2,4503.8
2018-11-14,5738.4,6371.5,5544.1,6351.2,Early_Institutional,2,7398.9
2018-11-15,5648.0,5774.8,5358.4,5736.1,Early_Institutional,2,7032.1
2018-11-16,5575.5,5657.0,5498.9,5645.3,Early_Institutional,2,5279.3
2018-11-17,5554.3,5578.6,5519.6,5578.6,Early_Institutional,2,4303.2
2018-11-18,5623.5,5653.6,5559.7,5559.7,Early_Institutional,2,4159.7
2018-11-19,4871.5,5620.8,4842.9,5620.8,Early_Institutional,2,7039.6
2018-11-20,4451.9,4951.6,4272.1,4863.9,Early_Institutional,2,8428.3
2018-11-21,4602.2,4675.7,4344.0,4465.5,Early_Institutional,2,6120.1
2018-11-22,4365.9,4629.6,4365.6,4611.6,Early_Institutional,2,4569.4
2018-11-23,4347.1,4396.4,4195.7,4360.7,Early_Institutional,2,4871.5
2018-11-24,3880.8,4413.1,3795.2,4347.7,Early_Institutional,2,4679.5
2018-11-25,4010.0,4120.9,3585.1,3880.8,Early_Institutional,2,6825.6
2018-11-26,3779.1,4107.1,3643.9,4015.1,Early_Institutional,2,6476.9
2018-11-27,3820.7,3863.0,3661.0,3765.9,Early_Institutional,2,5998.7
2018-11-28,4257.4,4385.9,3822.5,3822.5,Early_Institutional,2,7280.3
2018-11-29,4278.8,4413.0,4145.8,4269.0,Early_Institutional,2,6503.3
2018-11-30,4017.3,4323.0,3942.8,4289.1,Early_Institutional,2,6048.0
2018-12-01,4214.7,4309.4,3969.7,4024.5,Early_Institutional,2,5375.3
2018-12-02,4139.9,4301.5,4111.0,4200.7,Early_Institutional,2,5262.7
2018-12-03,3894.1,4156.0,3840.4,4147.3,Early_Institutional,2,5089.6
2018-12-04,3956.9,4075.6,3832.8,3886.3,Early_Institutional,2,5028.1
2018-12-05,3754.0,3969.5,3754.0,3958.9,Early_Institutional,2,5302.5
2018-12-06,3521.1,3875.0,3521.1,3754.1,Early_Institutional,2,5878.3
2018-12-07,3419.9,3512.6,3280.2,3512.6,Early_Institutional,2,6835.6
2018-12-08,3476.1,3506.0,3350.7,3421.9,Early_Institutional,2,5305.0
2018-12-09,3614.2,3685.3,3469.1,3473.2,Early_Institutional,2,4947.4
2018-12-10,3502.7,3647.3,3470.1,3612.0,Early_Institutional,2,5021.0
2018-12-11,3424.6,3513.2,3392.2,3497.6,Early_Institutional,2,4696.8
2018-12-12,3487.0,3534.2,3413.5,3421.5,Early_Institutional,2,4139.4
2018-12-13,3313.7,3489.7,3298.1,3487.9,Early_Institutional,2,4343.4
2018-12-14,3242.5,3329.6,3206.5,3311.8,Early_Institutional,2,4372.8
2018-12-15,3236.8,3275.4,3191.3,3244.0,Early_Institutional,2,3551.8
2018-12-16,3252.8,3305.8,3233.8,3236.3,Early_Institutional,2,3744.2
2018-12-17,3545.9,3597.9,3253.1,3253.1,Early_Institutional,2,5409.2
2018-12-18,3696.1,3701.3,3487.2,3544.8,Early_Institutional,2,5911.3
2018-12-19,3746.0,3949.3,3687.2,3706.8,Early_Institutional,2,6810.7
2018-12-20,4134.4,4191.2,3729.0,3742.2,Early_Institutional,2,8927.1
2018-12-21,3896.5,4198.4,3850.9,4133.7,Early_Institutional,2,7206.0
2018-12-22,4014.2,4014.2,3855.7,3898.1,Early_Institutional,2,5605.8
2018-12-23,3999.0,4085.7,3976.4,4021.0,Early_Institutional,2,6151.3
2018-12-24,4078.6,4271.8,4000.3,4000.3,Early_Institutional,2,7241.0
2018-12-25,3815.5,4089.6,3760.0,4081.0,Early_Institutional,2,6158.2
2018-12-26,3857.3,3893.4,3769.9,3819.7,Early_Institutional,2,5326.5
2018-12-27,3654.8,3874.4,3645.4,3854.7,Early_Institutional,2,5130.2
2018-12-28,3923.9,3956.1,3642.6,3653.1,Early_Institutional,2,5631.6
2018-12-29,3820.4,3963.8,3820.4,3932.5,Early_Institutional,2,4991.7
2018-12-30,3866.0,3901.9,3797.2,3822.4,Early_Institutional,2,4770.6
2018-12-31,3742.7,3868.7,3725.9,3866.8,Early_Institutional,2,4661.8
2019-01-01,3843.5,3850.9,3707.2,3746.7,Early_Institutional,2,4324.2
2019-01-02,3943.4,3948.0,3817.4,3849.2,Early_Institutional,2,5244.9
2019-01-03,3836.7,3935.7,3826.2,3931.0,Early_Institutional,2,4530.2
2019-01-04,3857.7,3865.9,3783.9,3832.0,Early_Institutional,2,4848.0
2019-01-05,3845.2,3904.9,3836.9,3852.0,Early_Institutional,2,5137.6
2019-01-06,4076.6,4093.3,3826.5,3836.5,Early_Institutional,2,5597.0
2019-01-07,4025.2,4092.6,4020.9,4078.6,Early_Institutional,2,5228.6
2019-01-08,4030.8,4109.0,3997.0,4028.5,Early_Institutional,2,5306.6
2019-01-09,4035.3,4068.4,4022.7,4031.6,Early_Institutional,2,5115.9
2019-01-10,3678.9,4064.1,3659.2,4034.4,Early_Institutional,2,6874.1
2019-01-11,3687.4,3713.9,3653.1,3674.0,Early_Institutional,2,5538.7
2019-01-12,3661.3,3699.0,3653.8,3687.0,Early_Institutional,2,4778.2
2019-01-13,3553.0,3674.8,3544.9,3658.9,Early_Institutional,2,4681.3
2019-01-14,3706.1,3727.8,3552.3,3557.3,Early_Institutional,2,5651.4
2019-01-15,3630.7,3720.2,3619.9,3704.2,Early_Institutional,2,5537.2
2019-01-16,3655.0,3685.8,3624.7,3631.5,Early_Institutional,2,5394.5
2019-01-17,3678.6,3680.1,3622.0,3651.9,Early_Institutional,2,5464.4
2019-01-18,3657.8,3682.5,3637.1,3678.0,Early_Institutional,2,5003.0
2019-01-19,3728.6,3758.5,3652.4,3652.4,Early_Institutional,2,5955.7
2019-01-20,3601.0,3743.4,3583.0,3725.4,Early_Institutional,2,5582.5
2019-01-21,3576.0,3608.8,3558.5,3600.4,Early_Institutional,2,5004.3
2019-01-22,3604.6,3620.7,3539.7,3575.1,Early_Institutional,2,5313.6
2019-01-23,3585.1,3623.1,3565.3,3605.6,Early_Institutional,2,5433.8
2019-01-24,3600.9,3616.1,3569.1,3584.5,Early_Institutional,2,5262.9
2019-01-25,3599.8,3612.9,3575.6,3607.4,Early_Institutional,2,5265.8
2019-01-26,3602.5,3654.9,3593.3,3599.7,Early_Institutional,2,5098.2
2019-01-27,3584.0,3612.7,3567.2,3604.7,Early_Institutional,2,5570.8
2019-01-28,3470.5,3586.8,3439.2,3584.3,Early_Institutional,2,6908.9
2019-01-29,3448.1,3476.1,3400.8,3468.9,Early_Institutional,2,5897.2
2019-01-30,3486.2,3495.2,3429.4,3443.9,Early_Institutional,2,5955.1
2019-01-31,3457.8,3504.8,3447.9,3485.4,Early_Institutional,2,5831.2
2019-02-01,3487.9,3502.0,3431.6,3460.5,Early_Institutional,2,5422.9
2019-02-02,3521.1,3523.3,3467.6,3484.6,Early_Institutional,2,5071.6
2019-02-03,3464.0,3521.4,3447.9,3516.1,Early_Institutional,2,5043.9
2019-02-04,3459.2,3476.2,3442.6,3467.2,Early_Institutional,2,5332.7
2019-02-05,3466.4,3478.1,3451.9,3455.0,Early_Institutional,2,5227.5
2019-02-06,3413.8,3469.1,3398.6,3469.1,Early_Institutional,2,5482.2
2019-02-07,3399.5,3427.9,3394.2,3414.9,Early_Institutional,2,5005.0
2019-02-08,3666.8,3695.6,3391.0,3401.4,Early_Institutional,2,7735.6
2019-02-09,3671.2,3679.9,3646.6,3671.6,Early_Institutional,2,6158.8
2019-02-10,3690.2,3695.0,3641.0,3673.2,Early_Institutional,2,6282.3
2019-02-11,3648.4,3695.6,3642.3,3695.6,Early_Institutional,2,6277.1
2019-02-12,3653.5,3668.6,3618.6,3642.8,Early_Institutional,2,6480.4
2019-02-13,3632.1,3669.7,3617.2,3653.6,Early_Institutional,2,6438.9
2019-02-14,3616.9,3646.3,3607.7,3631.2,Early_Institutional,2,6271.0
2019-02-15,3620.8,3647.8,3608.2,3617.4,Early_Institutional,2,6092.0
2019-02-16,3629.8,3652.8,3615.3,3615.3,Early_Institutional,2,5934.7
2019-02-17,3673.8,3680.5,3619.2,3633.4,Early_Institutional,2,7039.5
2019-02-18,3915.7,3936.7,3670.0,3671.4,Early_Institutional,2,9908.2
2019-02-19,3947.1,4010.9,3908.2,3911.7,Early_Institutional,2,9933.6
2019-02-20,3999.8,4000.5,3926.2,3946.7,Early_Institutional,2,8693.4
2019-02-21,3954.1,4010.0,3940.1,4000.3,Early_Institutional,2,7775.1
2019-02-22,4005.5,4006.5,3950.8,3952.4,Early_Institutional,2,7826.5
2019-02-23,4142.5,4166.3,3968.7,3998.9,Early_Institutional,2,8922.3
2019-02-24,3810.4,4210.6,3793.7,4145.5,Early_Institutional,2,10794.2
2019-02-25,3882.7,3913.7,3807.0,3807.0,Early_Institutional,2,9318.8
2019-02-26,3854.4,3891.6,3838.0,3878.7,Early_Institutional,2,7931.2
2019-02-27,3851.0,3888.8,3787.1,3857.5,Early_Institutional,2,8301.3
2019-02-28,3854.8,3906.1,3845.8,3848.3,Early_Institutional,2,8399.8
2019-03-01,3859.6,3907.8,3851.7,3853.8,Early_Institutional,2,7661.2
2019-03-02,3864.4,3874.6,3832.1,3855.3,Early_Institutional,2,7578.8
2019-03-03,3847.2,3875.5,3836.9,3862.3,Early_Institutional,2,7253.6
2019-03-04,3761.6,3867.4,3733.7,3845.1,Early_Institutional,2,9029.2
2019-03-05,3896.4,3903.9,3745.2,3759.8,Early_Institutional,2,10174.1
2019-03-06,3903.9,3919.5,3871.5,3897.1,Early_Institutional,2,9175.3
2019-03-07,3911.5,3939.4,3894.1,3903.4,Early_Institutional,2,9584.2
2019-03-08,3901.1,3950.4,3875.2,3913.2,Early_Institutional,2,10638.6
2019-03-09,3963.3,3987.2,3892.4,3894.6,Early_Institutional,2,10796.1
2019-03-10,3951.6,3966.2,3924.4,3966.2,Early_Institutional,2,9713.3
2019-03-11,3905.2,3966.4,3889.2,3953.7,Early_Institutional,2,10125.9
2019-03-12,3909.2,3926.9,3863.6,3903.8,Early_Institutional,2,9809.9
2019-03-13,3906.7,3926.6,3891.9,3913.0,Early_Institutional,2,9469.2
2019-03-14,3924.4,3946.5,3901.3,3905.6,Early_Institutional,2,10480.8
2019-03-15,3960.9,3968.5,3914.0,3926.7,Early_Institutional,2,9394.2
2019-03-16,4048.7,4077.0,3961.7,3963.9,Early_Institutional,2,9856.2
2019-03-17,4025.2,4054.1,4006.4,4047.7,Early_Institutional,2,8221.6
2019-03-18,4032.5,4071.6,4009.1,4030.0,Early_Institutional,2,9647.0
2019-03-19,4071.2,4082.2,4023.8,4032.7,Early_Institutional,2,9344.9
2019-03-20,4087.5,4089.5,4031.1,4070.8,Early_Institutional,2,10175.9
2019-03-21,4029.3,4097.4,4005.2,4084.0,Early_Institutional,2,10831.2
2019-03-22,4024.0,4053.9,4021.5,4028.5,Early_Institutional,2,9252.9
2019-03-23,4035.8,4049.9,4016.0,4022.7,Early_Institutional,2,9578.9
2019-03-24,4022.2,4040.7,4006.2,4035.2,Early_Institutional,2,9144.9
2019-03-25,3963.1,4038.8,3934.0,4024.1,Early_Institutional,2,10359.8
2019-03-26,3985.1,3985.1,3944.8,3969.2,Early_Institutional,2,10707.7
2019-03-27,4087.1,4087.1,3977.8,3984.2,Early_Institutional,2,10897.1
2019-03-28,4069.1,4094.9,4040.3,4087.6,Early_Institutional,2,9353.9
2019-03-29,4098.4,4113.5,4034.1,4068.3,Early_Institutional,2,10918.7
2019-03-30,4106.7,4296.8,4053.9,4092.1,Early_Institutional,2,9732.7
2019-03-31,4105.4,4113.0,4094.1,4105.5,Early_Institutional,2,9045.1
2019-04-01,4158.2,4165.0,4096.9,4105.4,Early_Institutional,2,10157.8
2019-04-02,4879.9,4906.0,4155.3,4156.9,Early_Institutional,2,21315.0
2019-04-03,4973.0,5307.0,4876.6,4880.0,Early_Institutional,2,22899.9
2019-04-04,4922.8,5063.2,4836.8,4971.3,Early_Institutional,2,18251.8
2019-04-05,5036.7,5053.5,4919.5,4922.8,Early_Institutional,2,16837.3
2019-04-06,5059.8,5205.8,4992.2,5036.8,Early_Institutional,2,16929.8
2019-04-07,5198.9,5235.2,5050.4,5062.8,Early_Institutional,2,16655.4
2019-04-08,5289.8,5318.8,5148.2,5199.8,Early_Institutional,2,17154.1
2019-04-09,5205.0,5289.9,5167.4,5289.9,Early_Institutional,2,14722.1
2019-04-10,5324.6,5421.7,5193.4,5204.1,Early_Institutional,2,15504.6
2019-04-11,5064.5,5354.2,5017.3,5325.1,Early_Institutional,2,16555.6
2019-04-12,5089.5,5103.3,4955.9,5061.2,Early_Institutional,2,13675.2
2019-04-13,5096.6,5127.1,5061.6,5088.9,Early_Institutional,2,10823.3
2019-04-14,5167.7,5184.0,5053.6,5095.8,Early_Institutional,2,10392.0
2019-04-15,5067.1,5196.6,5024.1,5167.3,Early_Institutional,2,12290.2
2019-04-16,5235.6,5238.9,5055.2,5066.6,Early_Institutional,2,11618.7
2019-04-17,5251.9,5274.3,5219.2,5236.1,Early_Institutional,2,12438.5
2019-04-18,5298.4,5320.0,5250.5,5251.5,Early_Institutional,2,13256.5
2019-04-19,5303.8,5336.7,5233.3,5298.2,Early_Institutional,2,13780.2
2019-04-20,5337.9,5358.5,5295.9,5304.2,Early_Institutional,2,13169.6
2019-04-21,5314.5,5359.9,5257.3,5335.9,Early_Institutional,2,13731.8
2019-04-22,5399.4,5422.7,5280.3,5312.5,Early_Institutional,2,14601.6
2019-04-23,5572.4,5633.8,5389.4,5399.4,Early_Institutional,2,15867.3
2019-04-24,5464.9,5642.0,5418.3,5571.5,Early_Institutional,2,17048.0
2019-04-25,5210.5,5542.2,5181.3,5466.5,Early_Institutional,2,15330.3
2019-04-26,5279.3,5383.6,5177.4,5210.3,Early_Institutional,2,16812.1
2019-04-27,5268.3,5310.8,5233.6,5279.5,Early_Institutional,2,13111.3
2019-04-28,5285.1,5326.2,5255.7,5271.7,Early_Institutional,2,12820.0
2019-04-29,5247.4,5311.3,5216.5,5284.9,Early_Institutional,2,13735.5
2019-04-30,5350.7,5363.3,5224.2,5247.7,Early_Institutional,2,13879.0
2019-05-01,5402.7,5418.0,5347.6,5350.9,Early_Institutional,2,13679.5
2019-05-02,5505.3,5522.3,5394.2,5402.4,Early_Institutional,2,14644.5
2019-05-03,5768.3,5865.9,5490.2,5505.6,Early_Institutional,2,18720.8
2019-05-04,5831.2,5886.9,5645.5,5769.2,Early_Institutional,2,17567.8
2019-05-05,5795.7,5833.9,5708.0,5831.1,Early_Institutional,2,14808.8
2019-05-06,5746.8,5803.0,5653.7,5791.7,Early_Institutional,2,15737.2
2019-05-07,5829.5,5988.2,5741.4,5745.6,Early_Institutional,2,18026.4
2019-05-08,5982.5,5990.0,5794.7,5849.5,Early_Institutional,2,15320.6
2019-05-09,6174.5,6183.0,5982.3,5982.3,Early_Institutional,2,16784.6
2019-05-10,6378.8,6434.6,6161.5,6175.8,Early_Institutional,2,19419.9
2019-05-11,7204.8,7333.0,6375.7,6379.7,Early_Institutional,2,28867.6
2019-05-12,6972.4,7503.9,6815.8,7203.5,Early_Institutional,2,27773.3
2019-05-13,7814.9,8047.4,6898.3,6971.2,Early_Institutional,2,28677.7
2019-05-14,7994.4,8268.7,7696.4,7807.9,Early_Institutional,2,32031.5
2019-05-15,8205.2,8216.4,7899.1,7989.4,Early_Institutional,2,28344.1
2019-05-16,7884.9,8320.8,7729.6,8194.5,Early_Institutional,2,33167.2
2019-05-17,7343.9,7929.1,7038.1,7886.9,Early_Institutional,2,30066.6
2019-05-18,7271.2,7447.3,7251.5,7341.7,Early_Institutional,2,21354.3
2019-05-19,8197.7,8261.9,7268.0,7268.0,Early_Institutional,2,25902.4
2019-05-20,7978.3,8201.0,7678.8,8196.9,Early_Institutional,2,23843.4
2019-05-21,7963.3,8062.2,7843.3,7978.0,Early_Institutional,2,25127.2
2019-05-22,7680.1,7997.6,7616.0,7956.3,Early_Institutional,2,24719.5
2019-05-23,7881.8,7943.8,7533.2,7677.3,Early_Institutional,2,24457.1
2019-05-24,7987.4,8140.7,7824.4,7881.7,Early_Institutional,2,25919.1
2019-05-25,8052.5,8117.9,7966.0,7991.9,Early_Institutional,2,22256.8
2019-05-26,8673.2,8687.5,7924.7,8055.2,Early_Institutional,2,26678.0
2019-05-27,8805.8,8907.2,8668.7,8674.1,Early_Institutional,2,27949.8
2019-05-28,8720.0,8807.0,8634.7,8802.8,Early_Institutional,2,24226.9
2019-05-29,8659.5,8755.9,8482.7,8718.6,Early_Institutional,2,23473.5
2019-05-30,8319.5,9008.3,8221.3,8661.8,Early_Institutional,2,29246.5
2019-05-31,8574.5,8586.7,8172.6,8320.3,Early_Institutional,2,25365.2
2019-06-01,8564.0,8625.6,8481.6,8573.8,Early_Institutional,2,22488.3
2019-06-02,8743.0,8809.3,8561.2,8565.5,Early_Institutional,2,20266.2
2019-06-03,8209.0,8743.5,8204.2,8741.7,Early_Institutional,2,22004.5
2019-06-04,7707.8,8211.0,7564.5,8211.0,Early_Institutional,2,24609.7
2019-06-05,7824.2,7901.8,7668.7,7704.3,Early_Institutional,2,21760.9
2019-06-06,7822.0,7937.3,7571.5,7819.6,Early_Institutional,2,19474.6
2019-06-07,8044.0,8126.2,7788.4,7826.9,Early_Institutional,2,19141.4
2019-06-08,7954.1,8076.9,7837.6,8036.8,Early_Institutional,2,16522.7
2019-06-09,7688.1,7976.0,7583.2,7949.7,Early_Institutional,2,16610.7
2019-06-10,8000.3,8031.9,7586.7,7692.3,Early_Institutional,2,18689.3
2019-06-11,7927.7,8026.4,7772.8,8004.2,Early_Institutional,2,17107.3
2019-06-12,8145.9,8196.6,7862.4,7925.4,Early_Institutional,2,19034.4
2019-06-13,8230.9,8311.6,8087.1,8145.5,Early_Institutional,2,18669.4
2019-06-14,8693.8,8710.6,8183.4,8230.9,Early_Institutional,2,19831.2
2019-06-15,8838.4,8859.1,8618.4,8689.7,Early_Institutional,2,18371.0
2019-06-16,8994.5,9335.9,8814.6,8841.4,Early_Institutional,2,23348.6
2019-06-17,9320.4,9416.4,8988.9,8988.9,Early_Institutional,2,15563.0
2019-06-18,9081.8,9348.4,9004.9,9335.5,Early_Institutional,2,15848.2
2019-06-19,9273.5,9299.6,9070.4,9078.7,Early_Institutional,2,15546.8
2019-06-20,9527.2,9594.4,9232.5,9273.1,Early_Institutional,2,17846.8
2019-06-21,10144.6,10144.6,9525.1,9525.1,Early_Institutional,2,20624.0
2019-06-22,10701.7,11157.3,10107.0,10175.9,Early_Institutional,2,29995.2
2019-06-23,10855.4,11246.1,10556.1,10696.7,Early_Institutional,2,20998.3
2019-06-24,11011.1,11065.9,10610.4,10853.7,Early_Institutional,2,19271.7
2019-06-25,11790.9,11790.9,11007.2,11007.2,Early_Institutional,2,24879.7
2019-06-26,13016.2,13796.5,11755.6,11778.6,Early_Institutional,2,45105.7
2019-06-27,11182.8,13311.1,10491.9,13017.1,Early_Institutional,2,39977.5
2019-06-28,12407.3,12445.2,10914.5,11162.2,Early_Institutional,2,35087.8
2019-06-29,11959.4,12400.9,11508.4,12400.8,Early_Institutional,2,29924.0
2019-06-30,10817.2,12178.4,10799.0,11932.0,Early_Institutional,2,27256.5
2019-07-01,10583.1,11206.4,10089.3,10796.9,Early_Institutional,2,29378.6
2019-07-02,10801.7,10912.2,9737.9,10588.7,Early_Institutional,2,31015.9
2019-07-03,11961.3,11968.1,10818.2,10818.2,Early_Institutional,2,30796.5
2019-07-04,11215.4,12006.1,11166.6,11972.7,Early_Institutional,2,25920.3
2019-07-05,10978.5,11395.7,10875.0,11203.1,Early_Institutional,2,23838.5
2019-07-06,11208.6,11621.0,10982.5,10982.5,Early_Institutional,2,21092.0
2019-07-07,11450.8,11541.6,11148.8,11217.6,Early_Institutional,2,19369.0
2019-07-08,12286.0,12345.8,11393.4,11446.6,Early_Institutional,2,23482.6
2019-07-09,12573.8,12779.1,12233.3,12284.3,Early_Institutional,2,28167.9
2019-07-10,12156.5,13129.5,11711.0,12571.5,Early_Institutional,2,33627.6
2019-07-11,11358.7,12144.6,11158.9,12139.7,Early_Institutional,2,28595.3
2019-07-12,11816.0,11905.5,11179.1,11354.3,Early_Institutional,2,23534.7
2019-07-13,11392.4,11842.0,10908.5,11813.1,Early_Institutional,2,21042.6
2019-07-14,10256.1,11451.2,10234.6,11381.0,Early_Institutional,2,22486.0
2019-07-15,10895.1,11052.8,9992.0,10257.8,Early_Institutional,2,25384.0
2019-07-16,9477.6,10996.6,9448.1,10896.7,Early_Institutional,2,24151.2
2019-07-17,9693.8,9963.1,9163.1,9471.2,Early_Institutional,2,24569.9
2019-07-18,10666.5,10736.8,9376.8,9698.5,Early_Institutional,2,25187.0
2019-07-19,10530.7,10717.0,10229.6,10654.0,Early_Institutional,2,20727.4
2019-07-20,10767.1,11048.7,10451.3,10525.8,Early_Institutional,2,20206.6
2019-07-21,10599.1,10841.9,10389.6,10777.5,Early_Institutional,2,17130.6
2019-07-22,10343.1,10651.8,10154.9,10596.9,Early_Institutional,2,16334.4
2019-07-23,9900.8,10346.7,9883.6,10346.7,Early_Institutional,2,17851.9
2019-07-24,9811.9,9908.8,9614.3,9887.7,Early_Institutional,2,17398.7
2019-07-25,9911.8,10154.3,9774.0,9809.1,Early_Institutional,2,15822.0
2019-07-26,9870.3,9916.5,9718.0,9913.1,Early_Institutional,2,14495.7
2019-07-27,9477.7,10167.3,9411.5,9871.2,Early_Institutional,2,16817.8
2019-07-28,9552.9,9575.5,9252.3,9491.6,Early_Institutional,2,13738.7
2019-07-29,9519.1,9681.6,9472.9,9548.2,Early_Institutional,2,13791.4
2019-07-30,9607.4,9701.8,9437.3,9522.3,Early_Institutional,2,13829.8
2019-07-31,10085.6,10085.6,9598.1,9604.1,Early_Institutional,2,16631.5
2019-08-01,10399.7,10446.9,9922.0,10077.4,Early_Institutional,2,17165.3
2019-08-02,10518.2,10658.0,10371.0,10402.0,Early_Institutional,2,17489.1
2019-08-03,10821.7,10946.8,10503.5,10519.3,Early_Institutional,2,15352.7
2019-08-04,10970.2,11009.2,10620.3,10821.6,Early_Institutional,2,16530.9
2019-08-05,11805.7,11895.1,10960.7,10960.7,Early_Institutional,2,23876.0
2019-08-06,11478.2,12273.8,11290.7,11811.5,Early_Institutional,2,23635.1
2019-08-07,11942.0,12037.0,11433.7,11476.2,Early_Institutional,2,22195.0
2019-08-08,11966.4,11979.4,11556.2,11954.0,Early_Institutional,2,19481.6
2019-08-09,11862.9,11970.5,11709.7,11953.5,Early_Institutional,2,18340.0
2019-08-10,11354.0,11915.7,11323.9,11861.6,Early_Institutional,2,18125.4
2019-08-11,11523.6,11523.6,11248.3,11349.7,Early_Institutional,2,15774.4
2019-08-12,11382.6,11528.2,11321.0,11528.2,Early_Institutional,2,13647.2
2019-08-13,10895.8,11420.0,10830.3,11385.1,Early_Institutional,2,16681.5
2019-08-14,10051.7,10889.6,10028.1,10889.5,Early_Institutional,2,19990.8
2019-08-15,10311.5,10437.4,9675.3,10038.4,Early_Institutional,2,22899.1
2019-08-16,10374.3,10524.3,9855.5,10319.4,Early_Institutional,2,20228.2
2019-08-17,10231.7,10452.6,10086.7,10358.7,Early_Institutional,2,13778.0
2019-08-18,10345.8,10487.1,10119.1,10233.0,Early_Institutional,2,12999.8
2019-08-19,10916.1,10916.1,10313.2,10350.3,Early_Institutional,2,16038.3
2019-08-20,10763.2,10947.0,10619.0,10916.3,Early_Institutional,2,15053.1
2019-08-21,10138.0,10798.7,9962.7,10764.6,Early_Institutional,2,19473.1
2019-08-22,10131.1,10233.0,9831.5,10142.5,Early_Institutional,2,17097.5
2019-08-23,10408.0,10442.4,10078.2,10136.3,Early_Institutional,2,15627.0
2019-08-24,10160.0,10418.0,9982.3,10407.6,Early_Institutional,2,15451.0
2019-08-25,10138.5,10304.6,10008.8,10160.7,Early_Institutional,2,14153.9
2019-08-26,10370.8,10512.3,10126.3,10126.3,Early_Institutional,2,18438.7
2019-08-27,10185.5,10381.3,10087.3,10372.8,Early_Institutional,2,14762.6
2019-08-28,9754.4,10279.4,9716.7,10203.4,Early_Institutional,2,17603.8
2019-08-29,9510.2,9756.8,9421.6,9756.8,Early_Institutional,2,17045.9
2019-08-30,9598.2,9656.1,9428.3,9514.8,Early_Institutional,2,13595.3
2019-08-31,9630.7,9673.2,9531.8,9597.5,Early_Institutional,2,11454.8
2019-09-01,9758.0,9796.8,9582.9,9630.6,Early_Institutional,2,11445.4
2019-09-02,10346.8,10396.6,9730.7,9757.5,Early_Institutional,2,17248.1
2019-09-03,10623.5,10736.1,10308.5,10345.7,Early_Institutional,2,19384.9
2019-09-04,10594.5,10762.6,10434.7,10621.2,Early_Institutional,2,16742.7
2019-09-05,10575.5,10627.3,10516.4,10588.2,Early_Institutional,2,14551.2
2019-09-06,10353.3,10898.8,10292.3,10578.2,Early_Institutional,2,19536.6
2019-09-07,10517.3,10558.7,10348.9,10353.9,Early_Institutional,2,15307.4
2019-09-08,10441.3,10595.6,10409.1,10518.1,Early_Institutional,2,13670.6
2019-09-09,10335.0,10450.3,10144.9,10443.2,Early_Institutional,2,17595.9
2019-09-10,10116.0,10394.4,10020.6,10336.4,Early_Institutional,2,14906.8
2019-09-11,10178.4,10215.9,9980.8,10123.0,Early_Institutional,2,15428.1
2019-09-12,10410.1,10442.3,10099.2,10176.8,Early_Institutional,2,15323.6
2019-09-13,10360.5,10441.5,10226.6,10415.4,Early_Institutional,2,14109.9
2019-09-14,10358.0,10422.1,10291.7,10345.4,Early_Institutional,2,13468.7
2019-09-15,10347.7,10387.0,10313.1,10356.5,Early_Institutional,2,12043.4
2019-09-16,10276.8,10386.9,10189.7,10347.2,Early_Institutional,2,15160.2
2019-09-17,10241.3,10296.8,10199.7,10281.5,Early_Institutional,2,15304.6
2019-09-18,10198.2,10275.9,10191.5,10247.8,Early_Institutional,2,16169.3
2019-09-19,10266.4,10295.7,9851.7,10200.5,Early_Institutional,2,19937.7
2019-09-20,10181.6,10285.9,10132.2,10266.3,Early_Institutional,2,14734.2
2019-09-21,10019.7,10188.1,10000.7,10183.6,Early_Institutional,2,13425.3
2019-09-22,10070.4,10074.4,9922.5,10024.1,Early_Institutional,2,13199.7
2019-09-23,9729.3,10074.2,9727.1,10068.0,Early_Institutional,2,15144.9
2019-09-24,8620.6,9804.3,8370.8,9729.3,Early_Institutional,2,25002.9
2019-09-25,8487.0,8744.8,8325.4,8603.4,Early_Institutional,2,21744.7
2019-09-26,8119.0,8515.7,7895.6,8487.7,Early_Institutional,2,19258.2
2019-09-27,8251.8,8271.5,7965.9,8113.1,Early_Institutional,2,16408.9
2019-09-28,8245.9,8285.6,8125.4,8251.3,Early_Institutional,2,14141.2
2019-09-29,8104.2,8261.7,7990.5,8246.0,Early_Institutional,2,13034.6
2019-09-30,8293.9,8314.2,7830.8,8104.2,Early_Institutional,2,17115.5
2019-10-01,8343.3,8497.7,8232.7,8299.7,Early_Institutional,2,15305.3
2019-10-02,8393.0,8393.0,8227.7,8344.2,Early_Institutional,2,13125.7
2019-10-03,8260.0,8414.2,8146.4,8390.8,Early_Institutional,2,13668.8
2019-10-04,8205.9,8260.1,8151.2,8259.5,Early_Institutional,2,13139.5
2019-10-05,8151.5,8215.5,8071.1,8210.1,Early_Institutional,2,12200.5
2019-10-06,7988.2,8161.4,7958.9,8149.9,Early_Institutional,2,13160.8
2019-10-07,8245.6,8308.5,7905.8,7989.1,Early_Institutional,2,18009.7
2019-10-08,8228.8,8332.7,8185.8,8246.8,Early_Institutional,2,15592.3
2019-10-09,8595.7,8627.7,8169.3,8229.8,Early_Institutional,2,19384.9
2019-10-10,8586.5,8625.3,8471.9,8585.3,Early_Institutional,2,17618.7
2019-10-11,8321.8,8721.8,8316.2,8585.3,Early_Institutional,2,19604.4
2019-10-12,8336.6,8415.2,8313.3,8315.7,Early_Institutional,2,14532.6
2019-10-13,8321.0,8471.0,8276.6,8336.9,Early_Institutional,2,13808.3
2019-10-14,8374.7,8390.2,8284.1,8320.8,Early_Institutional,2,15151.4
2019-10-15,8205.4,8410.7,8182.7,8373.5,Early_Institutional,2,15220.4
2019-10-16,8047.5,8216.8,7985.1,8204.7,Early_Institutional,2,16071.6
2019-10-17,8103.9,8134.8,8000.9,8047.8,Early_Institutional,2,14313.1
2019-10-18,7973.2,8138.4,7902.2,8100.9,Early_Institutional,2,15651.6
2019-10-19,7988.6,8082.6,7944.8,7973.8,Early_Institutional,2,13797.8
2019-10-20,8222.1,8281.8,7949.4,7997.8,Early_Institutional,2,15504.2
2019-10-21,8243.7,8296.7,8196.4,8225.1,Early_Institutional,2,15868.7
2019-10-22,8078.2,8296.7,8074.5,8243.4,Early_Institutional,2,16803.4
2019-10-23,7514.7,8093.0,7469.3,8076.2,Early_Institutional,2,21942.9
2019-10-24,7493.5,7532.9,7447.0,7509.7,Early_Institutional,2,16268.7
2019-10-25,8660.7,8691.5,7480.0,7490.7,Early_Institutional,2,28705.1
2019-10-26,9245.0,10021.7,8662.6,8667.6,Early_Institutional,2,44496.3
2019-10-27,9551.7,9749.5,9112.5,9241.7,Early_Institutional,2,32593.1
2019-10-28,9256.1,9805.1,9256.1,9565.1,Early_Institutional,2,30948.3
2019-10-29,9427.7,9516.2,9232.6,9248.4,Early_Institutional,2,28426.8
2019-10-30,9205.7,9426.9,9085.4,9422.5,Early_Institutional,2,27706.5
2019-10-31,9199.6,9383.2,9028.7,9202.5,Early_Institutional,2,26583.7
2019-11-01,9261.1,9275.7,9132.0,9194.0,Early_Institutional,2,24324.7
2019-11-02,9324.7,9377.5,9249.6,9259.8,Early_Institutional,2,21242.7
2019-11-03,9235.4,9379.8,9141.3,9324.8,Early_Institutional,2,21132.2
2019-11-04,9412.6,9505.1,9191.5,9235.6,Early_Institutional,2,26170.3
2019-11-05,9342.5,9457.4,9256.9,9413.0,Early_Institutional,2,26198.6
2019-11-06,9360.9,9423.2,9305.9,9340.9,Early_Institutional,2,23133.9
2019-11-07,9267.6,9368.5,9202.4,9352.4,Early_Institutional,2,22700.4
2019-11-08,8804.9,9272.8,8775.5,9265.4,Early_Institutional,2,24333.0
2019-11-09,8813.6,8891.8,8793.2,8809.5,Early_Institutional,2,17578.6
2019-11-10,9055.5,9103.8,8806.2,8812.5,Early_Institutional,2,20587.9
2019-11-11,8757.8,9081.3,8700.6,9056.9,Early_Institutional,2,20265.5
2019-11-12,8815.7,8853.8,8685.4,8759.8,Early_Institutional,2,20309.8
2019-11-13,8808.3,8836.8,8761.7,8812.0,Early_Institutional,2,17545.8
2019-11-14,8708.1,8826.9,8692.6,8811.9,Early_Institutional,2,19084.7
2019-11-15,8492.0,8730.9,8484.8,8705.7,Early_Institutional,2,21796.9
2019-11-16,8550.8,8592.0,8474.0,8491.2,Early_Institutional,2,16495.4
2019-11-17,8578.0,8727.8,8501.0,8549.5,Early_Institutional,2,18668.6
2019-11-18,8309.3,8653.3,8273.6,8574.0,Early_Institutional,2,21579.5
2019-11-19,8206.1,8408.5,8100.0,8305.1,Early_Institutional,2,21083.6
2019-11-20,8027.3,8237.2,8010.5,8203.6,Early_Institutional,2,20764.3
2019-11-21,7642.8,8110.1,7597.4,8023.6,Early_Institutional,2,22514.2
2019-11-22,7296.6,7697.4,6936.7,7643.6,Early_Institutional,2,34242.3
2019-11-23,7397.8,7442.3,7151.4,7296.2,Early_Institutional,2,21008.9
2019-11-24,7047.9,7408.6,7029.3,7398.6,Early_Institutional,2,30433.5
2019-11-25,7146.1,7319.9,6617.2,7040.0,Early_Institutional,2,42685.2
2019-11-26,7218.4,7320.2,7098.6,7145.2,Early_Institutional,2,21129.5
2019-11-27,7531.7,7619.7,6974.2,7220.9,Early_Institutional,2,23991.4
2019-11-28,7463.1,7730.1,7454.1,7536.8,Early_Institutional,2,19050.1
2019-11-29,7761.2,7781.2,7460.8,7466.7,Early_Institutional,2,19709.7
2019-11-30,7569.6,7836.1,7515.8,7764.1,Early_Institutional,2,17158.2
2019-12-01,7424.3,7571.6,7291.3,7571.6,Early_Institutional,2,18720.7
2019-12-02,7322.0,7474.8,7233.4,7424.0,Early_Institutional,2,17082.0
2019-12-03,7320.1,7418.9,7229.4,7324.0,Early_Institutional,2,14797.5
2019-12-04,7252.0,7539.8,7170.9,7320.1,Early_Institutional,2,21664.2
2019-12-05,7448.3,7743.4,7232.7,7253.2,Early_Institutional,2,18816.1
2019-12-06,7547.0,7547.0,7392.2,7450.6,Early_Institutional,2,18104.5
2019-12-07,7556.2,7590.0,7525.7,7547.3,Early_Institutional,2,15453.5
2019-12-08,7564.3,7634.6,7476.1,7551.3,Early_Institutional,2,15409.9
2019-12-09,7400.9,7618.1,7366.0,7561.8,Early_Institutional,2,17872.0
2019-12-10,7278.1,7424.0,7246.0,7397.1,Early_Institutional,2,18249.0
2019-12-11,7217.4,7324.2,7195.5,7277.2,Early_Institutional,2,16350.5
2019-12-12,7243.1,7266.6,7164.7,7216.7,Early_Institutional,2,18927.1
2019-12-13,7269.7,7293.6,7227.1,7244.7,Early_Institutional,2,17125.7
2019-12-14,7124.7,7308.8,7097.2,7268.9,Early_Institutional,2,17137.0
2019-12-15,7152.3,7181.1,6924.4,7124.2,Early_Institutional,2,16881.1
2019-12-16,6932.5,7171.2,6903.7,7153.7,Early_Institutional,2,20213.3
2019-12-17,6640.5,6964.1,6588.0,6931.3,Early_Institutional,2,22363.8
2019-12-18,7276.8,7325.0,6540.0,6647.7,Early_Institutional,2,31836.5
2019-12-19,7202.8,7346.6,7041.4,7277.6,Early_Institutional,2,25904.6
2019-12-20,7218.8,7257.9,7086.1,7208.6,Early_Institutional,2,22633.8
2019-12-21,7191.2,7223.2,7112.7,7220.6,Early_Institutional,2,19312.6
2019-12-22,7511.6,7518.0,7167.2,7191.2,Early_Institutional,2,23134.5
2019-12-23,7355.6,7656.2,7326.2,7508.9,Early_Institutional,2,27831.8
2019-12-24,7322.5,7535.7,7269.5,7354.4,Early_Institutional,2,22991.6
2019-12-25,7275.2,7357.0,7221.0,7325.8,Early_Institutional,2,21559.5
2019-12-26,7239.0,7388.3,7200.4,7274.8,Early_Institutional,2,22787.0
2019-12-27,7290.1,7363.5,7189.9,7238.1,Early_Institutional,2,22777.4
2019-12-28,7318.0,7399.0,7286.9,7289.0,Early_Institutional,2,21365.7
2019-12-29,7422.7,7513.9,7279.9,7317.6,Early_Institutional,2,22445.3
2019-12-30,7293.0,7454.8,7276.3,7420.3,Early_Institutional,2,22874.1
2019-12-31,7193.6,7335.3,7169.8,7294.4,Early_Institutional,2,21167.9
2020-01-01,7200.2,7254.3,7174.9,7194.9,Early_Institutional,2,18565.7
2020-01-02,6985.5,7212.2,6935.3,7202.6,Early_Institutional,2,20802.1
2020-01-03,7344.9,7413.7,6915.0,6984.4,Early_Institutional,2,28111.5
2020-01-04,7410.7,7427.4,7309.5,7345.4,Early_Institutional,2,18444.3
2020-01-05,7411.3,7544.5,7400.5,7410.5,Early_Institutional,2,19725.1
2020-01-06,7769.2,7781.9,7409.3,7410.5,Early_Institutional,2,23276.3
2020-01-07,8163.7,8178.2,7768.2,7768.7,Early_Institutional,2,28767.3
2020-01-08,8079.9,8396.7,7956.8,8161.9,Early_Institutional,2,31672.6
2020-01-09,7879.1,8082.3,7842.4,8082.3,Early_Institutional,2,24046.0
2020-01-10,8166.6,8166.6,7726.8,7878.3,Early_Institutional,2,28714.6
2020-01-11,8037.5,8218.4,8029.6,8162.2,Early_Institutional,2,25521.2
2020-01-12,8192.5,8200.1,8009.1,8033.3,Early_Institutional,2,22903.4
2020-01-13,8144.2,8197.8,8079.7,8189.8,Early_Institutional,2,22482.9
2020-01-14,8827.8,8879.5,8140.9,8140.9,Early_Institutional,2,44841.8
2020-01-15,8807.0,8890.1,8657.2,8825.3,Early_Institutional,2,40102.8
2020-01-16,8723.8,8846.5,8612.1,8812.5,Early_Institutional,2,31314.0
2020-01-17,8929.0,8958.1,8677.3,8725.2,Early_Institutional,2,36372.1
2020-01-18,8942.8,9012.2,8827.3,8927.2,Early_Institutional,2,32337.8
2020-01-19,8706.2,9164.4,8620.1,8941.4,Early_Institutional,2,34217.3
2020-01-20,8657.6,8745.6,8560.5,8704.6,Early_Institutional,2,26422.4
2020-01-21,8745.9,8755.7,8544.5,8659.0,Early_Institutional,2,24097.4
2020-01-22,8680.9,8793.0,8636.7,8744.2,Early_Institutional,2,22600.2
2020-01-23,8406.5,8687.7,8333.6,8680.7,Early_Institutional,2,25770.7
2020-01-24,8445.4,8514.7,8266.8,8405.6,Early_Institutional,2,24397.9
2020-01-25,8367.8,8458.5,8296.2,8440.1,Early_Institutional,2,19647.3
2020-01-26,8596.8,8602.4,8325.5,8364.4,Early_Institutional,2,22177.7
2020-01-27,8909.8,8977.7,8597.3,8597.3,Early_Institutional,2,28647.3
2020-01-28,9358.6,9358.6,8908.4,8912.5,Early_Institutional,2,34398.7
2020-01-29,9316.6,9406.4,9269.5,9357.5,Early_Institutional,2,30682.6
2020-01-30,9509.0,9553.1,9230.9,9316.0,Early_Institutional,2,32378.8
2020-01-31,9350.5,9521.7,9230.8,9508.3,Early_Institutional,2,29432.5
2020-02-01,9392.9,9439.3,9313.2,9346.4,Early_Institutional,2,25922.7
2020-02-02,9344.4,9468.8,9217.8,9389.8,Early_Institutional,2,30835.7
2020-02-03,9293.5,9540.4,9248.6,9344.7,Early_Institutional,2,30934.1
2020-02-04,9181.0,9331.3,9112.8,9292.8,Early_Institutional,2,29893.2
2020-02-05,9613.4,9701.3,9163.7,9183.4,Early_Institutional,2,35222.1
2020-02-06,9729.8,9824.6,9539.8,9617.8,Early_Institutional,2,37628.8
2020-02-07,9795.9,9834.7,9726.0,9726.0,Early_Institutional,2,34522.7
2020-02-08,9865.1,9876.7,9678.9,9793.1,Early_Institutional,2,35172.0
2020-02-09,10116.7,10129.4,9850.4,9863.9,Early_Institutional,2,35807.9
2020-02-10,9856.6,10165.8,9784.6,10115.6,Early_Institutional,2,39386.5
2020-02-11,10208.2,10210.1,9729.3,9855.9,Early_Institutional,2,37648.1
2020-02-12,10326.1,10393.6,10202.4,10202.4,Early_Institutional,2,43444.3
2020-02-13,10214.4,10457.6,10116.2,10324.0,Early_Institutional,2,49356.1
2020-02-14,10312.1,10322.0,10125.5,10211.6,Early_Institutional,2,43338.3
2020-02-15,9889.4,10341.6,9874.4,10313.9,Early_Institutional,2,43865.1
2020-02-16,9934.4,10054.0,9722.4,9889.2,Early_Institutional,2,43374.8
2020-02-17,9690.1,9938.8,9507.6,9936.6,Early_Institutional,2,45998.3
2020-02-18,10142.0,10161.9,9632.4,9691.2,Early_Institutional,2,47271.0
2020-02-19,9633.4,10191.7,9611.2,10143.8,Early_Institutional,2,46992.0
2020-02-20,9608.5,9643.2,9507.9,9629.3,Early_Institutional,2,44925.3
2020-02-21,9686.4,9723.0,9589.7,9611.8,Early_Institutional,2,40930.5
2020-02-22,9663.2,9698.2,9600.7,9687.7,Early_Institutional,2,35838.0
2020-02-23,9924.5,9937.4,9657.8,9663.3,Early_Institutional,2,41185.2
2020-02-24,9650.2,9951.7,9537.0,9921.6,Early_Institutional,2,45080.5
2020-02-25,9341.7,9652.7,9305.0,9651.3,Early_Institutional,2,42515.3
2020-02-26,8820.5,9354.8,8704.4,9338.3,Early_Institutional,2,50420.1
2020-02-27,8784.5,8932.9,8577.2,8825.1,Early_Institutional,2,45470.2
2020-02-28,8672.5,8890.5,8492.9,8788.7,Early_Institutional,2,44605.5
2020-02-29,8599.5,8775.6,8599.5,8671.2,Early_Institutional,2,35792.4
2020-03-01,8562.5,8726.8,8471.2,8599.8,Early_Institutional,2,35349.2
2020-03-02,8869.7,8921.3,8532.6,8563.3,Early_Institutional,2,42857.7
2020-03-03,8787.8,8901.6,8705.0,8865.4,Early_Institutional,2,42386.7
2020-03-04,8755.2,8843.4,8712.4,8788.5,Early_Institutional,2,34746.7
2020-03-05,9078.8,9142.1,8757.3,8760.3,Early_Institutional,2,39698.1
2020-03-06,9122.5,9167.7,9032.1,9078.3,Early_Institutional,2,40826.9
2020-03-07,8910.0,9163.2,8890.7,9121.6,Early_Institutional,2,36216.9
2020-03-08,8108.1,8914.3,8105.3,8908.2,Early_Institutional,2,39973.1
2020-03-09,7923.6,8177.8,7690.1,8111.1,Early_Institutional,2,46937.0
2020-03-10,7909.7,8136.9,7814.8,7922.1,Early_Institutional,2,42213.9
2020-03-11,7911.4,7950.8,7642.8,7910.1,Early_Institutional,2,38682.8
2020-03-12,4970.8,7929.1,4860.4,7913.6,Early_Institutional,2,53980.4
2020-03-13,5563.7,5838.1,4107.0,5017.8,Early_Institutional,2,74156.8
2020-03-14,5200.4,5625.2,5125.1,5573.1,Early_Institutional,2,36154.5
2020-03-15,5392.3,5836.6,5169.3,5201.1,Early_Institutional,2,33997.9
2020-03-16,5014.5,5385.2,4575.4,5385.2,Early_Institutional,2,45368.0
2020-03-17,5225.6,5371.3,4981.9,5002.6,Early_Institutional,2,38622.6
2020-03-18,5238.4,5331.8,5069.3,5227.1,Early_Institutional,2,37878.8
2020-03-19,6191.2,6329.7,5237.0,5245.4,Early_Institutional,2,51000.7
2020-03-20,6198.8,6844.3,5865.8,6191.7,Early_Institutional,2,54443.0
2020-03-21,6185.1,6378.1,5932.8,6206.5,Early_Institutional,2,42494.4
2020-03-22,5830.3,6359.7,5823.7,6185.6,Early_Institutional,2,40099.7
2020-03-23,6416.3,6443.9,5785.0,5831.4,Early_Institutional,2,46491.9
2020-03-24,6734.8,6789.0,6411.1,6436.6,Early_Institutional,2,48221.9
2020-03-25,6681.1,6892.5,6536.9,6738.7,Early_Institutional,2,44590.1
2020-03-26,6716.4,6735.5,6591.0,6675.2,Early_Institutional,2,35319.8
2020-03-27,6469.8,6793.8,6466.7,6719.4,Early_Institutional,2,34585.6
2020-03-28,6242.2,6467.5,6117.8,6467.3,Early_Institutional,2,34885.2
2020-03-29,5922.0,6250.5,5920.1,6245.6,Early_Institutional,2,28373.7
2020-03-30,6429.8,6517.2,5903.2,5925.5,Early_Institutional,2,37101.7
2020-03-31,6438.6,6504.5,6374.2,6430.6,Early_Institutional,2,32786.5
2020-04-01,6606.8,6612.6,6202.4,6437.3,Early_Institutional,2,40346.4
2020-04-02,6793.6,7088.2,6595.9,6606.8,Early_Institutional,2,47660.6
2020-04-03,6733.4,7003.2,6673.3,6797.4,Early_Institutional,2,38976.5
2020-04-04,6867.5,6879.0,6696.5,6738.4,Early_Institutional,2,33186.0
2020-04-05,6791.1,6883.4,6715.9,6862.5,Early_Institutional,2,29510.4
2020-04-06,7271.8,7271.8,6782.9,6788.0,Early_Institutional,2,46896.9
2020-04-07,7176.4,7427.9,7136.7,7273.6,Early_Institutional,2,44243.5
2020-04-08,7334.1,7356.2,7153.3,7179.3,Early_Institutional,2,37563.2
2020-04-09,7302.1,7341.4,7179.1,7338.0,Early_Institutional,2,34815.1
2020-04-10,6865.5,7303.8,6802.5,7303.8,Early_Institutional,2,43622.8
2020-04-11,6859.1,6926.1,6789.9,6867.4,Early_Institutional,2,31222.1
2020-04-12,6971.1,7119.9,6811.1,6858.1,Early_Institutional,2,35759.6
2020-04-13,6845.0,6965.6,6668.3,6965.6,Early_Institutional,2,38619.3
2020-04-14,6842.4,6958.6,6793.8,6843.3,Early_Institutional,2,34110.4
2020-04-15,6642.1,6928.7,6633.4,6845.6,Early_Institutional,2,32288.3
2020-04-16,7116.8,7134.5,6555.5,6640.5,Early_Institutional,2,46783.2
2020-04-17,7096.2,7167.2,7050.3,7116.6,Early_Institutional,2,32513.4
2020-04-18,7257.7,7270.0,7089.2,7092.3,Early_Institutional,2,32447.2
2020-04-19,7189.4,7280.5,7167.1,7260.9,Early_Institutional,2,31311.2
2020-04-20,6882.0,7240.3,6835.5,7186.9,Early_Institutional,2,37747.1
2020-04-21,6880.3,6934.6,6834.4,6879.8,Early_Institutional,2,32589.7
2020-04-22,7117.2,7145.9,6867.8,6879.4,Early_Institutional,2,33249.2
2020-04-23,7429.7,7491.8,7081.6,7121.3,Early_Institutional,2,43500.8
2020-04-24,7550.9,7574.2,7434.2,7434.2,Early_Institutional,2,34636.5
2020-04-25,7569.9,7641.4,7521.7,7550.5,Early_Institutional,2,32941.5
2020-04-26,7679.9,7700.6,7561.4,7570.1,Early_Institutional,2,33070.2
2020-04-27,7795.6,7795.6,7679.4,7679.4,Early_Institutional,2,36162.1
2020-04-28,7807.1,7814.5,7730.8,7797.0,Early_Institutional,2,33188.0
2020-04-29,8801.0,8871.8,7786.0,7806.7,Early_Institutional,2,60201.1
2020-04-30,8658.6,9440.7,8533.3,8797.7,Early_Institutional,2,66964.6
2020-05-01,8864.8,9048.0,8667.8,8672.8,Early_Institutional,2,44068.4
2020-05-02,8988.6,9007.2,8811.4,8869.1,Early_Institutional,2,40134.4
2020-05-03,8897.5,9167.8,8831.0,8983.6,Early_Institutional,2,47101.8
2020-05-04,8912.7,8956.9,8645.0,8895.7,Early_Institutional,2,45718.8
2020-05-05,9003.1,9062.4,8856.8,8912.8,Early_Institutional,2,43148.5
2020-05-06,9268.8,9411.5,8966.7,9007.4,Early_Institutional,2,49371.9
2020-05-07,9951.5,9992.7,9138.3,9261.9,Early_Institutional,2,61112.7
2020-05-08,9842.7,9996.7,9767.2,9936.2,Early_Institutional,2,51780.7
2020-05-09,9593.9,9913.9,9580.6,9840.9,Early_Institutional,2,46566.1
2020-05-10,8756.4,9595.6,8395.1,9591.2,Early_Institutional,2,63325.3
2020-05-11,8601.8,9033.5,8374.3,8755.5,Early_Institutional,3,57119.9
2020-05-12,8804.5,8949.9,8569.6,8610.4,Early_Institutional,3,42142.7
2020-05-13,9270.0,9317.9,8805.4,8805.4,Early_Institutional,3,45558.1
2020-05-14,9733.7,9793.3,9255.0,9271.3,Early_Institutional,3,56426.9
2020-05-15,9328.2,9755.8,9261.4,9734.3,Early_Institutional,3,48158.8
2020-05-16,9377.0,9564.2,9260.7,9333.2,Early_Institutional,3,36164.8
2020-05-17,9670.7,9823.0,9349.5,9374.9,Early_Institutional,3,40084.3
2020-05-18,9726.6,9906.0,9570.4,9675.7,Early_Institutional,3,41827.1
2020-05-19,9729.0,9836.0,9539.6,9727.1,Early_Institutional,3,39254.3
2020-05-20,9523.0,9804.8,9447.2,9725.3,Early_Institutional,3,36546.2
2020-05-21,9081.8,9555.2,8869.9,9522.7,Early_Institutional,3,39326.2
2020-05-22,9182.6,9232.9,9008.6,9080.3,Early_Institutional,3,29810.8
2020-05-23,9209.3,9302.5,9118.1,9185.1,Early_Institutional,3,27727.9
2020-05-24,8790.4,9288.4,8787.3,9212.3,Early_Institutional,3,32518.8
2020-05-25,8906.9,8951.0,8719.7,8786.1,Early_Institutional,3,31288.2
2020-05-26,8835.1,8992.0,8757.3,8909.6,Early_Institutional,3,29584.2
2020-05-27,9181.0,9203.3,8834.2,8837.4,Early_Institutional,3,32740.5
2020-05-28,9525.8,9546.3,9148.5,9184.9,Early_Institutional,3,34367.1
2020-05-29,9439.1,9573.7,9379.3,9528.4,Early_Institutional,3,32896.6
2020-05-30,9700.4,9704.0,9366.7,9438.9,Early_Institutional,3,32723.0
2020-05-31,9461.1,9700.3,9432.3,9700.1,Early_Institutional,3,27773.3
2020-06-01,10167.3,10199.6,9450.9,9463.6,Early_Institutional,3,35198.9
2020-06-02,9529.8,10182.3,9460.6,10163.0,Early_Institutional,3,39137.3
2020-06-03,9656.7,9682.9,9471.8,9533.8,Early_Institutional,3,25007.5
2020-06-04,9800.6,9887.6,9525.2,9655.9,Early_Institutional,3,25921.8
2020-06-05,9665.5,9869.2,9663.2,9800.2,Early_Institutional,3,23509.6
2020-06-06,9653.7,9773.4,9591.0,9664.9,Early_Institutional,3,20438.4
2020-06-07,9758.9,9768.5,9458.2,9653.0,Early_Institutional,3,25015.3
2020-06-08,9771.5,9782.3,9675.9,9760.1,Early_Institutional,3,21486.3
2020-06-09,9795.7,9836.4,9664.7,9774.4,Early_Institutional,3,23717.8
2020-06-10,9870.1,9908.9,9728.3,9794.1,Early_Institutional,3,25706.6
2020-06-11,9321.8,9938.3,9263.1,9870.1,Early_Institutional,3,30247.1
2020-06-12,9480.8,9540.5,9285.9,9320.7,Early_Institutional,3,22610.6
2020-06-13,9475.3,9493.2,9396.0,9480.7,Early_Institutional,3,17564.3
2020-06-14,9386.8,9482.3,9347.6,9477.6,Early_Institutional,3,18991.7
2020-06-15,9450.7,9504.9,8990.2,9386.0,Early_Institutional,3,26699.7
2020-06-16,9538.0,9579.4,9400.4,9454.3,Early_Institutional,3,21565.5
2020-06-17,9480.3,9540.4,9327.3,9533.8,Early_Institutional,3,20177.7
2020-06-18,9411.8,9482.8,9328.4,9481.6,Early_Institutional,3,17770.1
2020-06-19,9288.0,9440.9,9274.3,9410.3,Early_Institutional,3,19632.2
2020-06-20,9332.3,9395.0,9247.4,9291.0,Early_Institutional,3,17130.5
2020-06-21,9303.6,9401.1,9300.4,9330.9,Early_Institutional,3,15324.3
2020-06-22,9648.7,9655.1,9296.9,9300.9,Early_Institutional,3,21104.0
2020-06-23,9629.7,9670.5,9547.2,9644.1,Early_Institutional,3,17006.4
2020-06-24,9313.6,9680.4,9278.2,9632.1,Early_Institutional,3,18961.7
2020-06-25,9264.8,9340.2,9095.3,9314.1,Early_Institutional,3,18616.0
2020-06-26,9162.9,9310.5,9101.7,9261.0,Early_Institutional,3,18341.5
2020-06-27,9045.4,9207.8,8998.2,9167.8,Early_Institutional,3,17273.1
2020-06-28,9143.6,9197.5,8975.5,9048.5,Early_Institutional,3,14560.9
2020-06-29,9190.9,9237.6,9041.9,9140.0,Early_Institutional,3,16460.5
2020-06-30,9138.0,9217.8,9084.8,9185.6,Early_Institutional,3,15735.8
2020-07-01,9228.3,9309.8,9104.7,9146.0,Early_Institutional,3,15971.6
2020-07-02,9123.4,9275.0,9036.6,9231.1,Early_Institutional,3,16338.9
2020-07-03,9087.3,9202.3,9058.8,9124.8,Early_Institutional,3,13079.0
2020-07-04,9132.5,9183.3,9053.6,9084.2,Early_Institutional,3,12290.5
2020-07-05,9073.9,9162.2,8977.0,9126.1,Early_Institutional,3,12903.4
2020-07-06,9375.5,9375.5,9058.7,9072.8,Early_Institutional,3,17889.3
2020-07-07,9252.3,9360.6,9201.8,9349.2,Early_Institutional,3,13839.7
2020-07-08,9428.3,9450.3,9249.5,9253.0,Early_Institutional,3,19702.4
2020-07-09,9278.0,9431.4,9235.0,9428.0,Early_Institutional,3,18000.7
2020-07-10,9278.8,9287.5,9118.0,9273.4,Early_Institutional,3,16860.0
2020-07-11,9240.3,9293.5,9199.5,9277.5,Early_Institutional,3,13249.9
2020-07-12,9276.5,9319.4,9197.5,9241.1,Early_Institutional,3,14452.4
2020-07-13,9243.6,9306.4,9224.3,9277.2,Early_Institutional,3,17519.8
2020-07-14,9243.2,9283.8,9171.7,9238.7,Early_Institutional,3,18085.0
2020-07-15,9192.8,9275.3,9171.9,9241.9,Early_Institutional,3,15844.7
2020-07-16,9132.2,9214.3,9088.9,9192.0,Early_Institutional,3,15714.0
2020-07-17,9151.4,9182.3,9089.2,9131.8,Early_Institutional,3,13944.6
2020-07-18,9159.0,9231.0,9100.8,9151.2,Early_Institutional,3,12252.6
2020-07-19,9185.8,9201.4,9097.6,9158.0,Early_Institutional,3,12939.0
2020-07-20,9164.2,9214.3,9137.5,9187.2,Early_Institutional,3,13755.6
2020-07-21,9374.9,9407.3,9149.4,9162.5,Early_Institutional,3,18069.6
2020-07-22,9525.4,9530.5,9319.7,9375.1,Early_Institutional,3,16532.3
2020-07-23,9581.1,9610.2,9483.0,9527.1,Early_Institutional,3,18146.4
2020-07-24,9536.9,9623.3,9481.5,9585.5,Early_Institutional,3,16552.8
2020-07-25,9677.1,9704.6,9530.2,9539.5,Early_Institutional,3,16610.1
2020-07-26,9905.2,10023.8,9652.8,9680.2,Early_Institutional,3,20508.0
2020-07-27,10990.9,11298.2,9904.0,9905.2,Early_Institutional,3,35359.7
2020-07-28,10912.8,11204.3,10632.6,11017.5,Early_Institutional,3,28766.6
2020-07-29,11100.5,11304.4,10856.1,10913.0,Early_Institutional,3,24617.2
2020-07-30,11111.2,11169.4,10895.5,11099.8,Early_Institutional,3,22857.2
2020-07-31,11323.5,11415.9,10987.1,11110.2,Early_Institutional,3,23160.5
2020-08-01,11759.6,11794.8,11239.7,11322.6,Early_Institutional,3,26075.7
2020-08-02,11053.6,12034.1,11018.1,11758.8,Early_Institutional,3,27410.1
2020-08-03,11246.3,11453.1,11012.4,11043.8,Early_Institutional,3,20271.7
2020-08-04,11205.9,11385.4,11094.1,11246.2,Early_Institutional,3,21250.2
2020-08-05,11747.0,11786.6,11158.3,11203.8,Early_Institutional,3,24411.3
2020-08-06,11779.8,11902.3,11598.7,11749.9,Early_Institutional,3,23400.7
2020-08-07,11601.5,11898.0,11408.6,11778.9,Early_Institutional,3,23132.3
2020-08-08,11754.0,11800.1,11558.4,11604.6,Early_Institutional,3,17572.1
2020-08-09,11675.7,11806.1,11548.8,11737.3,Early_Institutional,3,17489.6
2020-08-10,11878.1,12045.1,11662.3,11662.3,Early_Institutional,3,26114.1
2020-08-11,11410.5,11932.7,11195.7,11881.6,Early_Institutional,3,27039.8
2020-08-12,11584.9,11748.4,11249.6,11404.6,Early_Institutional,3,25064.5
2020-08-13,11784.1,11796.4,11216.9,11588.4,Early_Institutional,3,27522.2
2020-08-14,11768.9,12151.0,11685.5,11772.7,Early_Institutional,3,24238.0
2020-08-15,11865.7,11963.2,11768.7,11768.7,Early_Institutional,3,23354.9
2020-08-16,11892.8,11934.9,11737.2,11866.7,Early_Institutional,3,20583.4
2020-08-17,12254.4,12359.1,11806.7,11895.7,Early_Institutional,3,28227.7
2020-08-18,11991.2,12335.7,11954.5,12251.9,Early_Institutional,3,26043.2
2020-08-19,11758.3,12028.9,11687.3,11990.9,Early_Institutional,3,24502.9
2020-08-20,11878.4,11900.4,11710.1,11761.5,Early_Institutional,3,20175.2
2020-08-21,11592.5,11899.3,11565.0,11878.0,Early_Institutional,3,23762.4
2020-08-22,11681.8,11689.4,11448.8,11585.5,Early_Institutional,3,20224.2
2020-08-23,11664.8,11713.4,11559.9,11679.7,Early_Institutional,3,18482.1
2020-08-24,11774.6,11807.6,11623.2,11663.7,Early_Institutional,3,20681.5
2020-08-25,11366.1,11778.3,11189.9,11773.6,Early_Institutional,3,26301.5
2020-08-26,11488.4,11530.1,11297.0,11366.9,Early_Institutional,3,22466.7
2020-08-27,11323.4,11570.8,11185.9,11485.6,Early_Institutional,3,23240.4
2020-08-28,11542.5,11545.6,11316.4,11325.3,Early_Institutional,3,19807.1
2020-08-29,11506.9,11585.6,11466.3,11541.1,Early_Institutional,3,17485.6
2020-08-30,11711.5,11715.3,11492.4,11508.7,Early_Institutional,3,19760.1
2020-08-31,11680.8,11768.9,11598.3,11713.3,Early_Institutional,3,22285.9
2020-09-01,11970.5,12067.1,11601.1,11679.3,Early_Institutional,3,27311.6
2020-09-02,11414.0,11964.8,11290.8,11964.8,Early_Institutional,3,28037.4
2020-09-03,10245.3,11443.0,10182.5,11407.2,Early_Institutional,3,31927.3
2020-09-04,10511.8,10663.9,10207.9,10230.4,Early_Institutional,3,29965.1
2020-09-05,10169.6,10581.6,9946.7,10512.5,Early_Institutional,3,44916.6
2020-09-06,10280.4,10353.9,10056.9,10167.2,Early_Institutional,3,37071.5
2020-09-07,10369.6,10399.2,9916.5,10281.0,Early_Institutional,3,33703.1
2020-09-08,10131.5,10414.8,9945.1,10369.3,Early_Institutional,3,33430.9
2020-09-09,10242.3,10350.5,10017.3,10134.2,Early_Institutional,3,24128.3
2020-09-10,10363.1,10503.9,10238.1,10242.3,Early_Institutional,3,54406.4
2020-09-11,10400.9,10434.9,10140.8,10369.0,Early_Institutional,3,45201.1
2020-09-12,10442.2,10578.8,10292.4,10409.9,Early_Institutional,3,36750.1
2020-09-13,10323.8,10577.2,10224.3,10452.4,Early_Institutional,3,36506.9
2020-09-14,10680.8,10800.0,10266.0,10328.7,Early_Institutional,3,35453.6
2020-09-15,10797.0,10938.6,10656.5,10677.8,Early_Institutional,3,32509.5
2020-09-16,10974.9,11100.1,10704.9,10797.8,Early_Institutional,3,30770.0
2020-09-17,10949.0,11037.4,10774.6,10973.3,Early_Institutional,3,38151.8
2020-09-18,10944.6,11034.9,10829.7,10951.8,Early_Institutional,3,26341.9
2020-09-19,11094.3,11134.1,10909.6,10933.8,Early_Institutional,3,22764.2
2020-09-20,10938.3,11095.9,10814.5,11095.9,Early_Institutional,3,24699.5
2020-09-21,10462.3,10988.3,10380.3,10934.9,Early_Institutional,3,28885.0
2020-09-22,10538.5,10568.1,10382.7,10459.6,Early_Institutional,3,23621.8
2020-09-23,10246.2,10537.8,10197.9,10535.5,Early_Institutional,3,23788.7
2020-09-24,10760.1,10771.1,10231.5,10248.8,Early_Institutional,3,47144.4
2020-09-25,10692.7,10777.7,10578.9,10761.1,Early_Institutional,3,39348.6
2020-09-26,10750.7,10773.0,10667.3,10695.6,Early_Institutional,3,46852.5
2020-09-27,10775.3,10804.0,10622.9,10746.9,Early_Institutional,3,53746.0
2020-09-28,10709.7,10945.3,10703.9,10776.6,Early_Institutional,3,47762.4
2020-09-29,10844.6,10860.0,10649.5,10709.7,Early_Institutional,3,46582.4
2020-09-30,10784.5,10847.3,10669.3,10843.9,Early_Institutional,3,44171.1
2020-10-01,10619.5,10933.6,10472.4,10795.3,Early_Institutional,3,40023.1
2020-10-02,10576.0,10657.8,10416.7,10619.8,Early_Institutional,3,48661.5
2020-10-03,10549.3,10598.9,10511.1,10575.1,Early_Institutional,3,44660.3
2020-10-04,10669.6,10686.0,10534.4,10550.4,Early_Institutional,3,71251.8
2020-10-05,10793.3,10793.5,10634.6,10676.5,Early_Institutional,3,47537.6
2020-10-06,10604.4,10797.6,10528.9,10796.3,Early_Institutional,3,42623.7
2020-10-07,10669.0,10680.5,10562.5,10603.4,Early_Institutional,3,37799.5
2020-10-08,10915.7,10945.7,10562.6,10669.4,Early_Institutional,3,63314.8
2020-10-09,11064.5,11102.7,10846.9,10927.9,Early_Institutional,3,22799.1
2020-10-10,11296.4,11442.2,11056.9,11059.1,Early_Institutional,3,22878.0
2020-10-11,11384.2,11428.8,11288.6,11296.1,Early_Institutional,3,19968.6
2020-10-12,11555.4,11698.5,11240.7,11392.6,Early_Institutional,3,26164.0
2020-10-13,11425.9,11549.0,11321.2,11548.7,Early_Institutional,3,24241.4
2020-10-14,11429.5,11540.0,11307.8,11429.0,Early_Institutional,3,24103.4
2020-10-15,11495.3,11569.9,11303.6,11426.6,Early_Institutional,3,24487.2
2020-10-16,11322.1,11540.1,11223.0,11502.8,Early_Institutional,3,25635.5
2020-10-17,11358.1,11386.3,11285.3,11322.1,Early_Institutional,3,19130.4
2020-10-18,11483.4,11483.4,11347.6,11356.0,Early_Institutional,3,18283.3
2020-10-19,11742.0,11799.1,11408.3,11495.0,Early_Institutional,3,23860.8
2020-10-20,11916.3,11999.9,11681.5,11746.0,Early_Institutional,3,30915.8
2020-10-21,12823.7,13184.6,11900.9,11913.1,Early_Institutional,3,43414.7
2020-10-22,12965.9,13161.6,12717.1,12801.6,Early_Institutional,3,34729.8
2020-10-23,12931.5,13016.0,12752.6,12971.5,Early_Institutional,3,28975.0
2020-10-24,13108.1,13145.1,12885.7,12931.6,Early_Institutional,3,24542.3
2020-10-25,13031.2,13329.2,12910.1,13108.1,Early_Institutional,3,24406.9
2020-10-26,13075.2,13225.3,12822.4,13031.2,Early_Institutional,3,29461.5
2020-10-27,13654.2,13759.7,13060.8,13075.2,Early_Institutional,3,33749.9
2020-10-28,13271.3,13837.7,12932.3,13654.2,Early_Institutional,3,35867.3
2020-10-29,13437.9,13612.0,12980.1,13271.3,Early_Institutional,3,56499.5
2020-10-30,13546.5,13651.5,13136.2,13437.9,Early_Institutional,3,30581.5
2020-10-31,13781.0,14028.2,13457.5,13546.5,Early_Institutional,3,30306.5
2020-11-01,13737.1,13862.0,13628.4,13781.0,Early_Institutional,3,24453.9
2020-11-02,13550.5,13808.3,13243.2,13737.0,Early_Institutional,3,30771.5
2020-11-03,13950.3,13985.0,13325.4,13550.5,Early_Institutional,3,29870.0
2020-11-04,14133.7,14218.8,13580.5,13950.5,Early_Institutional,3,35116.4
2020-11-05,15579.8,15706.4,14102.1,14133.7,Early_Institutional,3,40856.3
2020-11-06,15565.9,15903.4,15226.8,15579.7,Early_Institutional,3,39837.8
2020-11-07,14833.8,15737.1,14423.2,15565.9,Early_Institutional,3,35025.0
2020-11-08,15479.6,15637.3,14744.1,14833.8,Early_Institutional,3,26632.1
2020-11-09,15332.3,15785.1,14865.5,15479.6,Early_Institutional,3,34149.1
2020-11-10,15290.9,15450.3,15125.0,15332.4,Early_Institutional,3,25574.9
2020-11-11,15701.3,15916.3,15290.0,15290.9,Early_Institutional,3,29772.4
2020-11-12,16276.3,16305.0,15534.8,15701.3,Early_Institutional,3,34175.8
2020-11-13,16317.8,16463.2,15992.2,16276.4,Early_Institutional,3,31599.5
2020-11-14,16068.1,16317.8,15749.2,16317.8,Early_Institutional,3,27481.7
2020-11-15,15955.6,16123.1,15793.5,16068.1,Early_Institutional,3,23653.9
2020-11-16,16716.1,16816.2,15880.7,15955.6,Early_Institutional,3,31526.8
2020-11-17,17645.4,17782.9,16564.5,16685.7,Early_Institutional,3,39006.8
2020-11-18,17804.0,18393.9,17352.9,17645.2,Early_Institutional,3,49064.8
2020-11-19,17817.1,18119.5,17382.6,17803.9,Early_Institutional,3,36985.1
2020-11-20,18621.3,18773.2,17765.8,17817.1,Early_Institutional,3,36992.9
2020-11-21,18642.2,18936.6,18444.4,18621.3,Early_Institutional,3,39650.2
2020-11-22,18370.0,18689.0,17671.4,18642.2,Early_Institutional,3,41280.4
2020-11-23,18364.1,18711.4,18000.8,18370.0,Early_Institutional,3,42741.1
2020-11-24,19107.5,19348.3,18128.7,18365.0,Early_Institutional,3,51469.6
2020-11-25,18732.1,19391.0,18581.1,19104.4,Early_Institutional,3,43710.4
2020-11-26,17150.6,18866.3,16351.0,18729.8,Early_Institutional,3,61396.8
2020-11-27,17108.4,17445.0,16526.4,17153.9,Early_Institutional,3,38886.5
2020-11-28,17717.4,17853.9,16910.7,17112.9,Early_Institutional,3,32601.0
2020-11-29,18177.5,18283.6,17559.1,17719.6,Early_Institutional,3,31134.0
2020-11-30,19625.8,19749.3,18178.3,18178.3,Early_Institutional,3,47728.5
2020-12-01,18803.0,19846.0,18321.9,19633.8,Early_Institutional,3,49633.7
2020-12-02,19201.1,19308.3,18347.7,18801.7,Early_Institutional,3,37387.7
2020-12-03,19445.4,19566.2,18925.8,19205.9,Early_Institutional,3,31930.3
2020-12-04,18699.8,19511.4,18697.2,19447.0,Early_Institutional,3,33872.4
2020-12-05,19154.2,19160.4,18590.2,18698.4,Early_Institutional,3,27242.5
2020-12-06,19345.1,19390.5,18897.9,19154.2,Early_Institutional,3,25293.8
2020-12-07,19191.6,19411.8,18931.1,19343.1,Early_Institutional,3,26896.4
2020-12-08,18321.1,19283.5,18269.9,19191.5,Early_Institutional,3,31692.3
2020-12-09,18553.9,18626.3,17935.5,18320.9,Early_Institutional,3,34420.4
2020-12-10,18265.0,18553.3,17957.1,18553.3,Early_Institutional,3,25547.1
2020-12-11,18058.9,18268.5,17619.5,18263.9,Early_Institutional,3,27919.6
2020-12-12,18803.7,18919.6,18046.0,18051.3,Early_Institutional,3,21752.6
2020-12-13,19142.4,19381.5,18734.3,18806.8,Early_Institutional,3,25450.5
2020-12-14,19246.6,19305.1,19012.7,19144.5,Early_Institutional,3,22474.0
2020-12-15,19417.1,19525.0,19079.8,19246.9,Early_Institutional,3,26742.0
2020-12-16,21310.6,21458.9,19298.3,19418.8,Early_Institutional,3,44409.0
2020-12-17,22805.2,23642.7,21234.7,21308.4,Early_Institutional,3,71378.6
2020-12-18,23138.0,23238.6,22399.8,22806.8,Early_Institutional,3,40387.9
2020-12-19,23869.8,24085.9,22826.5,23132.9,Early_Institutional,3,38487.5
2020-12-20,23477.3,24209.7,23147.7,23861.8,Early_Institutional,3,37844.2
2020-12-21,22803.1,24060.0,22159.4,23474.5,Early_Institutional,3,45852.7
2020-12-22,23783.0,23789.9,22430.6,22794.0,Early_Institutional,3,44171.6
2020-12-23,23241.3,24024.5,22802.6,23782.0,Early_Institutional,3,51146.2
2020-12-24,23735.9,23768.3,22777.6,23240.2,Early_Institutional,3,41080.8
2020-12-25,24664.8,24710.1,23463.7,23733.6,Early_Institutional,3,42068.4
2020-12-26,26437.0,26718.1,24522.7,24677.0,Early_Institutional,3,48332.6
2020-12-27,26272.3,28288.8,25922.8,26439.4,Early_Institutional,3,66479.9
2020-12-28,27084.8,27389.1,26207.6,26280.8,Early_Institutional,3,49056.7
2020-12-29,27362.4,27370.7,25987.3,27081.8,Early_Institutional,3,45265.9
2020-12-30,28841.0,28937.7,27360.1,27360.1,Early_Institutional,3,51287.4
2020-12-31,29001.7,29244.9,28202.0,28841.6,Early_Institutional,3,46755.0
2021-01-01,29374.2,29600.6,28803.6,28994.0,Early_Institutional,3,40730.3
2021-01-02,32127.3,33155.1,29091.2,29376.5,Early_Institutional,3,67865.4
2021-01-03,32782.0,34608.6,32052.3,32129.4,Early_Institutional,3,78665.2
2021-01-04,31971.9,33440.2,28722.8,32810.9,Early_Institutional,3,81163.5
2021-01-05,33992.4,34437.6,30221.2,31977.0,Early_Institutional,3,67547.3
2021-01-06,36824.4,36879.7,33514.0,34013.6,Early_Institutional,3,75289.4
2021-01-07,39371.0,40180.4,36491.2,36833.9,Early_Institutional,3,84762.1
2021-01-08,40797.6,41946.7,36838.6,39381.8,Early_Institutional,3,88107.5
2021-01-09,40254.5,41436.4,38980.9,40788.6,Early_Institutional,3,61984.2
2021-01-10,38356.4,41420.2,35984.6,40254.2,Early_Institutional,3,79980.7
2021-01-11,35566.7,38346.5,30549.6,38346.5,Early_Institutional,3,123320.6
2021-01-12,33923.0,36568.5,32698.0,35516.4,Early_Institutional,3,74773.3
2021-01-13,37316.4,37600.0,32584.7,33915.1,Early_Institutional,3,69364.3
2021-01-14,39187.3,39966.4,36868.6,37325.1,Early_Institutional,3,63616.0
2021-01-15,36825.4,39577.7,34659.6,39156.7,Early_Institutional,3,67760.8
2021-01-16,36178.1,37864.4,35633.6,36821.6,Early_Institutional,3,57706.2
2021-01-17,35791.3,36722.4,34069.3,36163.6,Early_Institutional,3,52359.9
2021-01-18,36630.1,37299.3,34883.8,35792.2,Early_Institutional,3,49511.7
2021-01-19,36069.8,37755.9,36069.8,36642.2,Early_Institutional,3,57244.2
2021-01-20,35547.8,36378.3,33570.5,36050.1,Early_Institutional,3,66834.6
2021-01-21,30825.7,35552.7,30250.8,35549.4,Early_Institutional,3,75643.1
2021-01-22,33005.8,33811.9,28953.4,30817.6,Early_Institutional,3,77207.3
2021-01-23,32067.6,33361.0,31493.2,32985.8,Early_Institutional,3,48354.7
2021-01-24,32289.4,32944.0,31106.7,32064.4,Early_Institutional,3,48643.8
2021-01-25,32366.4,34802.7,32087.8,32285.8,Early_Institutional,3,59897.1
2021-01-26,32569.8,32794.6,31030.3,32358.6,Early_Institutional,3,60255.4
2021-01-27,30432.5,32564.0,29367.1,32564.0,Early_Institutional,3,62576.8
2021-01-28,33466.1,33858.3,30023.2,30441.0,Early_Institutional,3,76517.2
2021-01-29,34316.4,38406.3,32064.8,34318.7,Early_Institutional,3,117894.6
2021-01-30,34269.5,34834.7,32940.2,34295.9,Early_Institutional,3,65141.8
2021-01-31,33114.4,34288.3,32270.2,34270.9,Early_Institutional,3,52754.5
2021-02-01,33537.2,34638.2,32384.2,33114.6,Early_Institutional,3,61400.4
2021-02-02,35510.3,35896.9,33489.2,33533.2,Early_Institutional,3,63088.6
2021-02-03,37472.1,37480.2,35444.0,35510.8,Early_Institutional,3,61166.8
2021-02-04,36926.1,38592.2,36317.5,37475.1,Early_Institutional,3,68838.1
2021-02-05,38144.3,38225.9,36658.8,36931.5,Early_Institutional,3,58598.1
2021-02-06,39266.0,40846.5,38138.4,38138.4,Early_Institutional,3,71326.0
2021-02-07,38903.4,39621.8,37446.2,39250.2,Early_Institutional,3,65500.6
2021-02-08,46196.5,46203.9,38076.3,38886.8,Early_Institutional,3,101467.2
2021-02-09,46481.1,48003.7,45167.0,46185.0,Early_Institutional,3,91809.8
2021-02-10,44918.2,47145.6,43881.2,46469.8,Early_Institutional,3,87301.1
2021-02-11,47909.3,48463.5,44187.8,44898.7,Early_Institutional,3,81388.9
2021-02-12,47504.9,48745.7,46425.0,47877.0,Early_Institutional,3,76555.0
2021-02-13,47105.5,48047.7,46392.3,47491.2,Early_Institutional,3,70250.5
2021-02-14,48717.3,49487.6,47114.5,47114.5,Early_Institutional,3,71248.7
2021-02-15,47945.1,48875.6,46347.5,48696.5,Early_Institutional,3,77069.9
2021-02-16,49199.9,50341.1,47201.3,47944.5,Early_Institutional,3,77049.6
2021-02-17,52149.0,52533.9,49072.4,49207.3,Early_Institutional,3,80820.5
2021-02-18,51679.8,52474.1,51015.8,52141.0,Early_Institutional,3,52054.7
2021-02-19,55888.1,56113.7,50937.3,51676.0,Early_Institutional,3,63495.5
2021-02-20,56099.5,57505.2,54626.6,55887.3,Early_Institutional,3,68145.5
2021-02-21,57539.9,58330.6,55672.6,56068.6,Early_Institutional,3,51897.6
2021-02-22,54207.3,57533.4,48967.6,57532.7,Early_Institutional,3,92052.4
2021-02-23,48824.4,54204.9,45290.6,54204.9,Early_Institutional,3,106102.5
2021-02-24,49705.3,51290.1,47213.5,48835.1,Early_Institutional,3,63695.5
2021-02-25,47093.9,51949.0,47093.9,49709.1,Early_Institutional,3,54506.6
2021-02-26,46339.8,48370.8,44454.8,47180.5,Early_Institutional,3,350967.9
2021-02-27,46188.5,48253.3,45269.0,46344.8,Early_Institutional,3,45910.9
2021-02-28,45137.8,46716.4,43241.6,46194.0,Early_Institutional,3,53443.9
2021-03-01,49631.2,49784.0,45115.1,45159.5,Early_Institutional,3,53891.3
2021-03-02,48379.0,50127.5,47228.8,49612.1,Early_Institutional,3,47530.9
2021-03-03,50538.2,52535.1,48274.3,48415.8,Early_Institutional,3,53220.8
2021-03-04,48561.2,51735.1,47656.9,50522.3,Early_Institutional,3,52343.8
2021-03-05,48927.3,49396.4,46542.5,48527.0,Early_Institutional,3,48625.9
2021-03-06,48912.4,49147.2,47257.5,48899.2,Early_Institutional,3,34363.6
2021-03-07,51206.7,51384.4,48918.7,48918.7,Early_Institutional,3,43137.5
2021-03-08,52246.5,52314.1,49506.1,51174.1,Early_Institutional,3,48597.4
2021-03-09,54824.1,54824.1,51981.8,52273.0,Early_Institutional,3,50912.2
2021-03-10,56008.6,57258.3,53290.9,54824.0,Early_Institutional,3,57295.6
2021-03-11,57805.1,58091.1,54484.6,55963.2,Early_Institutional,3,56772.3
2021-03-12,57332.1,57996.6,55376.6,57821.2,Early_Institutional,3,55689.9
2021-03-13,61243.1,61683.9,56218.0,57343.4,Early_Institutional,3,60669.8
2021-03-14,59302.3,61597.9,59302.3,61221.1,Early_Institutional,3,43901.2
2021-03-15,55907.2,60541.0,55393.2,59267.4,Early_Institutional,3,66419.4
2021-03-16,56804.9,56833.2,53555.0,55840.8,Early_Institutional,3,59749.8
2021-03-17,58870.9,58969.8,54528.6,56825.8,Early_Institutional,3,60258.3
2021-03-18,57858.9,60116.2,54253.6,58893.1,Early_Institutional,3,55746.0
2021-03-19,58346.7,59498.4,56643.7,57850.4,Early_Institutional,3,49063.9
2021-03-20,58313.6,60031.3,58213.3,58332.3,Early_Institutional,3,50361.7
2021-03-21,57523.4,58767.9,56005.6,58309.9,Early_Institutional,3,51943.4
2021-03-22,54529.1,58471.5,54288.2,57517.9,Early_Institutional,3,56521.5
2021-03-23,54738.9,55985.4,53470.7,54511.7,Early_Institutional,3,56435.0
2021-03-24,52774.3,57262.4,52514.3,54710.5,Early_Institutional,3,70567.2
2021-03-25,51704.2,53392.4,50856.6,52726.7,Early_Institutional,3,67999.8
2021-03-26,55137.3,55137.3,51579.9,51683.0,Early_Institutional,3,56652.2
2021-03-27,55973.5,56568.2,54242.9,55137.6,Early_Institutional,3,47266.5
2021-03-28,55950.7,56610.3,55071.1,55974.9,Early_Institutional,3,47686.6
2021-03-29,57750.2,58342.1,55139.3,55947.9,Early_Institutional,3,57625.6
2021-03-30,58917.7,59447.2,57251.6,57750.1,Early_Institutional,3,54414.1
2021-03-31,58918.8,59930.0,57726.4,58930.3,Early_Institutional,3,65520.8
2021-04-01,59095.8,59586.1,58505.3,58926.6,Early_Institutional,3,61669.2
2021-04-02,59384.3,60267.2,58869.3,59098.9,Early_Institutional,3,58727.9
2021-04-03,57603.9,60110.3,57603.9,59397.4,Early_Institutional,3,59641.3
2021-04-04,58758.6,58913.7,57168.7,57604.8,Early_Institutional,3,50749.7
2021-04-05,59057.9,59891.3,57694.8,58760.9,Early_Institutional,3,60706.3
2021-04-06,58192.4,59479.6,57646.8,59171.9,Early_Institutional,3,66058.0
2021-04-07,56048.9,58731.1,55604.0,58186.5,Early_Institutional,3,75645.3
2021-04-08,58324.0,58338.7,55879.1,56099.9,Early_Institutional,3,53053.9
2021-04-09,58245.0,58937.0,57807.9,58326.6,Early_Institutional,3,46655.2
2021-04-10,59793.2,61276.7,58038.7,58253.8,Early_Institutional,3,58238.5
2021-04-11,60205.0,60790.6,59289.8,59846.2,Early_Institutional,3,46280.3
2021-04-12,59893.5,61253.0,59589.9,60175.9,Early_Institutional,3,51828.7
2021-04-13,63503.5,63742.3,59870.0,59890.0,Early_Institutional,3,69983.5
2021-04-14,63109.7,64863.1,61554.8,63523.8,Early_Institutional,3,77451.8
2021-04-15,63314.0,63821.7,62209.0,63075.2,Early_Institutional,3,60954.4
2021-04-16,61572.8,63594.7,60222.5,63258.5,Early_Institutional,3,84293.0
2021-04-17,60683.8,62572.2,60361.4,61529.9,Early_Institutional,3,66138.8
2021-04-18,56216.2,61057.5,52829.5,60701.9,Early_Institutional,3,97468.9
2021-04-19,55724.3,57520.1,54368.6,56191.6,Early_Institutional,3,65344.9
2021-04-20,56473.0,57062.1,53448.0,55681.8,Early_Institutional,3,67849.3
2021-04-21,53906.1,56758.0,53695.5,56471.1,Early_Institutional,3,54926.6
2021-04-22,51762.3,55410.2,50583.8,53857.1,Early_Institutional,3,74798.6
2021-04-23,51093.7,52120.8,47714.7,51739.8,Early_Institutional,3,86668.7
2021-04-24,50050.9,51167.6,48805.3,51143.2,Early_Institutional,3,49014.5
2021-04-25,49004.3,50506.0,47159.5,50052.8,Early_Institutional,3,46117.1
2021-04-26,54021.8,54288.0,48852.8,49077.8,Early_Institutional,3,58284.0
2021-04-27,55033.1,55417.0,53319.2,54030.3,Early_Institutional,3,49448.2
2021-04-28,54824.7,56227.2,53887.9,55036.6,Early_Institutional,3,48000.6
2021-04-29,53555.1,55115.8,52418.0,54858.1,Early_Institutional,3,46088.9
2021-04-30,57750.2,57900.7,53129.6,53568.7,Early_Institutional,3,52395.9
2021-05-01,57828.1,58448.3,57052.3,57714.7,Early_Institutional,3,42836.4
2021-05-02,56631.1,57902.6,56141.9,57825.9,Early_Institutional,3,38177.4
2021-05-03,57200.3,58973.3,56590.9,56620.3,Early_Institutional,3,51713.1
2021-05-04,53333.5,57214.2,53191.4,57214.2,Early_Institutional,3,68564.7
2021-05-05,57424.0,57911.4,52969.1,53252.2,Early_Institutional,3,69241.3
2021-05-06,56396.5,58363.3,55382.5,57441.3,Early_Institutional,3,69523.3
2021-05-07,57356.4,58606.6,55321.8,56414.0,Early_Institutional,3,68434.0
2021-05-08,58803.8,59464.6,56975.2,57352.8,Early_Institutional,3,65383.0
2021-05-09,58232.3,59210.9,56482.0,58877.4,Early_Institutional,3,65906.7
2021-05-10,55859.8,59519.4,54071.5,58250.9,Early_Institutional,3,71776.5
2021-05-11,56704.6,56872.5,54608.7,55847.2,Early_Institutional,3,61308.4
2021-05-12,49150.5,57939.4,49150.5,56714.5,Early_Institutional,3,75215.4
2021-05-13,49716.2,51330.8,46980.0,49735.4,Early_Institutional,3,96721.2
2021-05-14,49880.5,51438.1,48868.6,49683.0,Early_Institutional,3,55737.5
2021-05-15,46760.2,50639.7,46664.1,49855.5,Early_Institutional,3,59161.0
2021-05-16,46456.1,49720.0,43963.4,46716.6,Early_Institutional,3,64047.9
2021-05-17,43537.5,46623.6,42207.3,46415.9,Early_Institutional,3,74903.6
2021-05-18,42909.4,45812.5,42367.8,43488.1,Early_Institutional,3,56187.4
2021-05-19,37002.4,43546.1,30681.5,42945.0,Early_Institutional,3,126358.1
2021-05-20,40782.7,42463.0,35050.6,36753.7,Early_Institutional,3,88281.9
2021-05-21,37304.7,42172.2,33616.5,40596.9,Early_Institutional,3,82051.6
2021-05-22,37536.6,38831.1,35383.7,37371.0,Early_Institutional,3,57377.3
2021-05-23,34770.6,38289.2,31227.3,37531.4,Early_Institutional,3,78469.3
2021-05-24,38706.0,39835.1,34551.1,34700.4,Early_Institutional,3,67359.6
2021-05-25,38402.2,39776.4,36581.4,38795.8,Early_Institutional,3,56211.9
2021-05-26,39294.2,40782.1,37905.8,38392.6,Early_Institutional,3,51346.7
2021-05-27,38437.0,40379.6,37247.9,39316.9,Early_Institutional,3,43211.0
2021-05-28,35697.6,38857.0,34779.0,38507.1,Early_Institutional,3,55200.2
2021-05-29,34616.1,37234.5,33693.9,35684.2,Early_Institutional,3,45231.0
2021-05-30,35678.1,36400.7,33520.7,34607.4,Early_Institutional,3,31646.1
2021-05-31,37332.9,37468.2,34241.9,35658.6,Early_Institutional,3,39009.8
2021-06-01,36684.9,37896.7,35787.1,37293.8,Early_Institutional,3,34639.4
2021-06-02,37575.2,38231.3,35966.3,36699.9,Early_Institutional,3,33070.9
2021-06-03,39208.8,39479.0,37244.0,37599.4,Early_Institutional,3,35460.8
2021-06-04,36894.4,39242.5,35717.7,39242.5,Early_Institutional,3,41831.1
2021-06-05,35552.0,37917.7,34900.4,36880.2,Early_Institutional,3,35959.5
2021-06-06,35862.4,36436.4,35304.6,35538.6,Early_Institutional,3,28913.4
2021-06-07,33560.7,36790.6,33480.6,35835.3,Early_Institutional,3,33683.9
2021-06-08,33472.6,34017.4,31114.4,33589.5,Early_Institutional,3,49902.1
2021-06-09,37345.1,37537.4,32475.9,33417.0,Early_Institutional,3,53972.9
2021-06-10,36702.6,38334.3,35847.6,37389.5,Early_Institutional,3,43576.0
2021-06-11,37334.4,37608.7,36044.4,36697.0,Early_Institutional,3,38699.7
2021-06-12,35552.5,37408.9,34728.2,37340.1,Early_Institutional,3,37924.2
2021-06-13,39097.9,39322.8,34864.1,35555.8,Early_Institutional,3,40669.1
2021-06-14,40218.5,40978.4,38757.3,39017.0,Early_Institutional,3,43148.9
2021-06-15,40406.3,41295.3,39609.5,40427.2,Early_Institutional,3,46420.1
2021-06-16,38347.1,40516.8,38176.0,40168.7,Early_Institutional,3,39211.6
2021-06-17,38053.5,39513.7,37439.7,38341.4,Early_Institutional,3,37096.7
2021-06-18,35787.2,38187.3,35255.9,38099.5,Early_Institutional,3,36200.9
2021-06-19,35615.9,36457.8,34933.1,35854.5,Early_Institutional,3,31207.3
2021-06-20,35698.3,36059.5,33432.1,35563.1,Early_Institutional,3,36664.0
2021-06-21,31676.7,35721.6,31295.9,35641.1,Early_Institutional,3,52809.0
2021-06-22,32505.7,33292.5,28893.6,31622.4,Early_Institutional,3,58964.4
2021-06-23,33723.0,34753.4,31772.6,32515.7,Early_Institutional,3,46317.1
2021-06-24,34662.4,35228.9,32385.2,33682.8,Early_Institutional,3,33123.4
2021-06-25,31637.8,35487.2,31350.9,34659.1,Early_Institutional,3,40230.9
2021-06-26,32186.3,32637.6,30184.5,31594.7,Early_Institutional,3,38585.4
2021-06-27,34649.6,34656.1,32071.8,32287.5,Early_Institutional,3,35511.6
2021-06-28,34434.3,35219.9,33902.1,34679.1,Early_Institutional,3,33892.5
2021-06-29,35867.8,36542.1,34252.5,34475.6,Early_Institutional,3,37901.5
2021-06-30,35040.8,36074.8,34086.2,35908.4,Early_Institutional,3,34059.0
2021-07-01,33572.1,35036.0,32883.8,35036.0,Early_Institutional,3,37839.0
2021-07-02,33897.0,33939.6,32770.7,33549.6,Early_Institutional,3,38729.0
2021-07-03,34668.5,34909.3,33402.7,33854.4,Early_Institutional,3,24384.0
2021-07-04,35287.8,35937.6,34396.5,34665.6,Early_Institutional,3,24924.3
2021-07-05,33746.0,35284.3,33213.7,35284.3,Early_Institutional,3,26721.6
2021-07-06,34235.2,35038.5,33599.9,33723.5,Early_Institutional,3,26501.3
2021-07-07,33855.3,34997.7,33839.3,34225.7,Early_Institutional,3,24796.0
2021-07-08,32877.4,33907.9,32133.2,33889.6,Early_Institutional,3,29910.4
2021-07-09,33798.0,34042.3,32318.9,32861.7,Early_Institutional,3,27436.0
2021-07-10,33520.5,34209.1,33116.0,33811.2,Early_Institutional,3,22971.9
2021-07-11,34240.2,34584.7,33346.7,33509.1,Early_Institutional,3,20108.7
2021-07-12,33155.8,34592.2,32697.3,34254.0,Early_Institutional,3,24321.5
2021-07-13,32702.0,33327.1,32261.4,33125.5,Early_Institutional,3,19120.9
2021-07-14,32822.3,33061.4,31639.1,32723.8,Early_Institutional,3,21376.5
2021-07-15,31780.7,33159.6,31175.7,32827.9,Early_Institutional,3,21300.5
2021-07-16,31421.5,32218.4,31100.7,31841.6,Early_Institutional,3,23699.5
2021-07-17,31533.1,31935.9,31224.0,31397.3,Early_Institutional,3,18895.0
2021-07-18,31796.8,32399.0,31215.5,31533.9,Early_Institutional,3,18788.0
2021-07-19,30817.8,31885.9,30563.7,31800.0,Early_Institutional,3,20434.8
2021-07-20,29807.3,31006.2,29361.0,30838.3,Early_Institutional,3,23148.3
2021-07-21,32110.7,32752.3,29526.2,29796.3,Early_Institutional,3,28203.0
2021-07-22,32313.1,32576.4,31745.3,32138.9,Early_Institutional,3,19555.2
2021-07-23,33581.6,33581.6,32057.9,32306.0,Early_Institutional,3,22552.0
2021-07-24,34292.4,34490.4,33424.9,33593.7,Early_Institutional,3,21664.7
2021-07-25,35350.2,35364.9,33881.8,34290.3,Early_Institutional,3,20856.7
2021-07-26,37337.5,40499.7,35287.3,35384.0,Early_Institutional,3,51022.1
2021-07-27,39406.9,39406.9,36441.7,37276.0,Early_Institutional,3,35097.4
2021-07-28,39995.9,40816.1,38862.4,39503.2,Early_Institutional,3,38702.4
2021-07-29,40008.4,40593.1,39352.1,39995.5,Early_Institutional,3,27167.1
2021-07-30,42235.5,42235.5,38397.4,40027.5,Early_Institutional,3,33072.8
2021-07-31,41626.2,42231.4,41110.8,42196.3,Early_Institutional,3,25802.8
2021-08-01,39974.9,42541.7,39540.9,41460.8,Early_Institutional,3,26688.4
2021-08-02,39201.9,40419.2,38746.3,39907.3,Early_Institutional,3,25595.3
2021-08-03,38153.0,39750.0,37782.1,39178.4,Early_Institutional,3,26189.8
2021-08-04,39747.5,39952.3,37589.2,38213.3,Early_Institutional,3,25372.6
2021-08-05,40869.6,41341.9,37458.0,39744.5,Early_Institutional,3,35185.0
2021-08-06,42816.5,43271.7,39932.2,40865.9,Early_Institutional,3,38226.5
2021-08-07,44555.8,44689.9,42618.6,42832.8,Early_Institutional,3,40030.9
2021-08-08,43798.1,45282.4,43331.9,44574.4,Early_Institutional,3,36302.7
2021-08-09,46365.4,46456.8,42848.7,43791.9,Early_Institutional,3,38734.1
2021-08-10,45585.0,46638.0,44705.6,46280.8,Early_Institutional,3,33546.0
2021-08-11,45593.6,46735.6,45351.7,45599.7,Early_Institutional,3,34319.7
2021-08-12,44428.3,46228.9,43861.4,45576.9,Early_Institutional,3,33723.6
2021-08-13,47793.3,47832.0,44282.4,44439.7,Early_Institutional,3,31744.3
2021-08-14,47096.9,48098.7,46177.6,47810.7,Early_Institutional,3,31211.4
2021-08-15,47047.0,47357.1,45579.6,47096.7,Early_Institutional,3,30989.0
2021-08-16,46004.5,47998.1,45700.3,47020.0,Early_Institutional,3,32776.9
2021-08-17,44695.4,47139.6,44512.4,45936.5,Early_Institutional,3,33451.4
2021-08-18,44801.2,45952.1,44364.0,44686.8,Early_Institutional,3,32194.1
2021-08-19,46717.6,46970.8,43998.3,44741.9,Early_Institutional,3,37204.3
2021-08-20,49339.2,49342.2,46650.7,46723.1,Early_Institutional,3,34706.9
2021-08-21,48905.5,49717.0,48312.2,49327.1,Early_Institutional,3,40585.2
2021-08-22,49321.7,49471.6,48199.9,48869.1,Early_Institutional,3,25371.0
2021-08-23,49546.1,50482.1,49074.6,49291.7,Early_Institutional,3,34305.1
2021-08-24,47706.1,49878.8,47687.1,49562.3,Early_Institutional,3,35361.2
2021-08-25,48960.8,49202.9,47163.6,47727.3,Early_Institutional,3,32646.3
2021-08-26,46942.2,49347.6,46405.8,49002.6,Early_Institutional,3,32666.5
2021-08-27,49058.7,49112.8,46394.3,46894.6,Early_Institutional,3,34511.1
2021-08-28,48902.4,49283.5,48499.2,49072.6,Early_Institutional,3,28568.1
2021-08-29,48829.8,49644.1,47925.9,48911.2,Early_Institutional,3,25889.7
2021-08-30,47055.0,48925.6,46950.3,48834.9,Early_Institutional,3,31847.0
2021-08-31,47166.7,48189.6,46750.1,47024.3,Early_Institutional,3,34730.4
2021-09-01,48847.0,49111.1,46562.4,47099.8,Early_Institutional,3,39139.4
2021-09-02,49327.7,50343.4,48652.3,48807.8,Early_Institutional,3,39508.1
2021-09-03,50025.4,50982.3,48386.1,49288.2,Early_Institutional,3,43206.2
2021-09-04,49944.6,50545.6,49548.8,50009.3,Early_Institutional,3,37471.3
2021-09-05,51753.4,51868.7,49538.6,49937.9,Early_Institutional,3,30322.7
2021-09-06,52633.5,52700.9,51053.7,51769.0,Early_Institutional,3,38884.1
2021-09-07,46811.1,52853.8,43285.2,52660.5,Early_Institutional,3,65210.1
2021-09-08,46091.4,47334.1,44561.4,46827.8,Early_Institutional,3,49007.8
2021-09-09,46391.4,47261.9,45669.7,45774.7,Early_Institutional,3,38672.7
2021-09-10,44883.9,47031.7,44344.5,46396.7,Early_Institutional,3,39154.7
2021-09-11,45201.5,45969.3,44818.3,44869.8,Early_Institutional,3,34499.8
2021-09-12,46063.3,46364.9,44790.5,45206.6,Early_Institutional,3,27882.0
2021-09-13,44963.1,46598.7,43591.3,46057.2,Early_Institutional,3,40969.9
2021-09-14,47092.5,47218.1,44752.3,44960.1,Early_Institutional,3,38652.2
2021-09-15,48176.3,48450.5,46773.3,47098.0,Early_Institutional,3,30484.5
2021-09-16,47783.4,48486.8,47079.6,48158.9,Early_Institutional,3,31764.3
2021-09-17,47267.5,48160.9,46832.5,47771.0,Early_Institutional,3,28727.7
2021-09-18,48278.4,48791.8,47087.3,47273.5,Early_Institutional,3,28575.6
2021-09-19,47260.2,48328.4,46919.8,48268.9,Early_Institutional,3,26967.7
2021-09-20,42843.8,47328.2,42598.9,47261.4,Early_Institutional,3,43909.8
2021-09-21,40693.7,43607.6,39787.6,43012.2,Early_Institutional,3,48701.1
2021-09-22,43574.5,43978.6,40625.6,40678.0,Early_Institutional,3,38139.7
2021-09-23,44895.1,44942.2,43109.3,43560.3,Early_Institutional,3,34244.1
2021-09-24,42839.8,45080.5,40936.6,44894.3,Early_Institutional,3,42839.3
2021-09-25,42716.6,42996.3,41759.9,42840.9,Early_Institutional,3,31604.7
2021-09-26,43208.5,43919.3,40848.5,42721.6,Early_Institutional,3,30661.2
2021-09-27,42235.7,44313.2,42190.6,43234.2,Early_Institutional,3,30980.0
2021-09-28,41034.5,42775.1,40931.7,42200.9,Early_Institutional,3,30214.9
2021-09-29,41564.4,42545.3,40829.7,41065.0,Early_Institutional,3,30602.4
2021-09-30,43790.9,44092.6,41444.6,41551.3,Early_Institutional,3,31141.7
2021-10-01,48116.9,48436.0,43320.0,43816.7,Early_Institutional,3,42850.6
2021-10-02,47711.5,48282.1,47465.5,48137.5,Early_Institutional,3,30614.3
2021-10-03,48200.0,49130.7,47157.3,47680.0,Early_Institutional,3,26638.1
2021-10-04,49112.9,49456.8,47045.0,48208.9,Early_Institutional,3,33383.2
2021-10-05,51514.8,51840.0,49072.8,49175.0,Early_Institutional,3,35873.9
2021-10-06,55361.4,55568.5,50488.2,51486.7,Early_Institutional,3,49034.7
2021-10-07,53806.0,55338.6,53525.5,55338.6,Early_Institutional,3,36807.9
2021-10-08,53967.8,55923.0,53688.1,53802.1,Early_Institutional,3,34800.9
2021-10-09,54968.2,55397.9,53735.1,53929.8,Early_Institutional,3,32491.2
2021-10-10,54771.6,56401.3,54264.3,54952.8,Early_Institutional,3,39527.8
2021-10-11,57484.8,57793.0,54519.8,54734.1,Early_Institutional,3,42637.3
2021-10-12,56041.1,57627.9,54478.0,57526.8,Early_Institutional,3,41083.8
2021-10-13,57401.1,57688.7,54371.0,56038.3,Early_Institutional,3,41684.3
2021-10-14,57321.5,58478.7,56957.1,57372.8,Early_Institutional,3,36615.8
2021-10-15,61593.9,62757.1,56868.1,57345.9,Early_Institutional,3,51780.1
2021-10-16,60892.2,62274.5,60206.1,61609.5,Early_Institutional,3,34251.0
2021-10-17,61553.6,61645.5,59164.5,60887.7,Early_Institutional,3,29032.4
2021-10-18,62026.1,62614.7,60012.8,61548.8,Early_Institutional,3,38055.6
2021-10-19,64262.0,64434.5,61622.9,62043.2,Early_Institutional,3,40471.2
2021-10-20,65992.8,66930.4,63610.7,64284.6,Early_Institutional,3,40789.0
2021-10-21,62210.2,66600.5,62117.4,66002.2,Early_Institutional,3,45908.1
2021-10-22,60692.3,63715.0,60122.8,62237.9,Early_Institutional,3,38434.1
2021-10-23,61393.6,61743.9,59826.5,60694.6,Early_Institutional,3,26882.5
2021-10-24,60930.8,61505.8,59643.3,61368.3,Early_Institutional,3,27316.2
2021-10-25,63039.8,63729.3,60691.8,60893.9,Early_Institutional,3,31064.9
2021-10-26,60363.8,63229.0,59991.2,63032.8,Early_Institutional,3,34879.0
2021-10-27,58482.4,61435.2,58208.2,60352.0,Early_Institutional,3,43657.1
2021-10-28,60622.1,62128.6,58206.9,58470.7,Early_Institutional,3,45257.1
2021-10-29,62228.0,62927.6,60330.0,60624.9,Early_Institutional,3,36856.9
2021-10-30,61888.8,62330.1,60918.4,62239.4,Early_Institutional,3,32157.9
2021-10-31,61319.0,62406.2,60074.3,61850.5,Early_Institutional,3,32241.2
2021-11-01,61004.4,62419.0,59695.2,61320.4,Early_Institutional,3,36150.6
2021-11-02,63226.4,64242.8,60673.1,60963.3,Early_Institutional,3,37746.7
2021-11-03,62970.0,63516.9,61184.2,63254.3,Early_Institutional,3,36124.7
2021-11-04,61452.2,63123.3,60799.7,62941.8,Early_Institutional,3,32615.8
2021-11-05,61125.7,62541.5,60844.6,61460.1,Early_Institutional,3,30605.1
2021-11-06,61527.5,61590.7,60163.8,61068.9,Early_Institutional,3,29094.9
2021-11-07,63327.0,63327.0,61432.5,61554.9,Early_Institutional,3,24726.8
2021-11-08,67566.8,67673.7,63344.1,63344.1,Early_Institutional,3,41125.6
2021-11-09,66971.8,68530.3,66382.1,67549.7,Early_Institutional,3,42358.0
2021-11-10,64995.2,68789.6,63208.1,66953.3,Early_Institutional,3,48730.8
2021-11-11,64950.0,65579.0,64180.5,64978.9,Early_Institutional,3,35880.6
2021-11-12,64155.9,65460.8,62333.9,64864.0,Early_Institutional,3,36084.9
2021-11-13,64469.5,64915.7,63303.7,64158.1,Early_Institutional,3,30474.2
2021-11-14,65466.8,65495.2,63647.8,64455.4,Early_Institutional,3,25122.1
2021-11-15,63557.9,66281.6,63548.1,65521.3,Early_Institutional,3,30558.8
2021-11-16,60161.2,63721.2,59016.3,63721.2,Early_Institutional,3,46844.3
2021-11-17,60368.0,60823.6,58515.4,60139.6,Early_Institutional,3,39178.4
2021-11-18,56942.1,60948.5,56550.8,60360.1,Early_Institutional,3,41388.3
2021-11-19,58119.6,58351.1,55705.2,56896.1,Early_Institutional,3,38702.4
2021-11-20,59697.2,59859.9,57469.7,58115.1,Early_Institutional,3,30624.3
2021-11-21,58730.5,60004.4,58618.9,59730.5,Early_Institutional,3,26123.4
2021-11-22,56289.3,59266.4,55679.8,58706.8,Early_Institutional,3,35036.1
2021-11-23,57569.1,57875.5,55632.8,56304.6,Early_Institutional,3,37485.8
2021-11-24,56280.4,57803.1,55964.2,57565.9,Early_Institutional,3,36635.6
2021-11-25,57274.7,59368.0,57146.7,57165.4,Early_Institutional,3,34284.0
2021-11-26,53569.8,59183.5,53569.8,58960.3,Early_Institutional,3,41810.7
2021-11-27,54815.1,55329.3,53668.4,53736.4,Early_Institutional,3,30560.9
2021-11-28,57248.5,57393.8,53576.7,54813.0,Early_Institutional,3,28116.9
2021-11-29,57806.6,58872.9,56792.5,57291.9,Early_Institutional,3,32370.8
2021-11-30,57005.4,59113.4,56057.3,57830.1,Early_Institutional,3,36708.6
2021-12-01,57229.8,59041.7,56553.1,56908.0,Early_Institutional,3,36858.2
2021-12-02,56477.8,57349.2,55895.1,57217.4,Early_Institutional,3,32380.0
2021-12-03,53598.2,57482.2,52496.6,56509.2,Early_Institutional,3,39789.1
2021-12-04,49200.7,53904.7,42874.6,53727.9,Early_Institutional,3,61385.7
2021-12-05,49368.8,49768.1,47857.5,49201.5,Early_Institutional,3,37198.2
2021-12-06,50582.6,50929.5,47281.0,49413.5,Early_Institutional,3,37707.3
2021-12-07,50700.1,51934.8,50175.8,50581.8,Early_Institutional,3,33676.8
2021-12-08,50504.8,51171.4,48766.0,50667.6,Early_Institutional,3,28479.7
2021-12-09,47672.1,50797.2,47358.4,50450.1,Early_Institutional,3,29603.6
2021-12-10,47243.3,50015.3,47023.7,47642.1,Early_Institutional,3,30966.0
2021-12-11,49362.5,49458.2,46942.3,47264.6,Early_Institutional,3,25775.9
2021-12-12,50098.3,50724.9,48725.9,49354.9,Early_Institutional,3,21939.2
2021-12-13,46737.5,50205.0,45894.8,50114.7,Early_Institutional,3,32166.7
2021-12-14,46612.6,48431.4,46424.5,46709.8,Early_Institutional,3,34638.6
2021-12-15,48896.7,49474.0,46672.0,48379.8,Early_Institutional,3,36541.8
2021-12-16,47665.4,49425.6,47529.9,48900.5,Early_Institutional,3,27268.2
2021-12-17,46202.1,48004.9,45618.2,47653.7,Early_Institutional,3,32902.7
2021-12-18,46848.8,47313.8,45598.4,46219.3,Early_Institutional,3,26098.3
2021-12-19,46707.0,48089.7,46503.0,46853.9,Early_Institutional,3,25154.1
2021-12-20,46880.3,47401.7,45579.8,46707.1,Early_Institutional,3,30961.9
2021-12-21,48936.6,49300.9,46698.8,46886.1,Early_Institutional,3,27055.8
2021-12-22,48628.5,49544.8,48450.9,48937.1,Early_Institutional,3,24448.0
2021-12-23,50784.5,51332.3,48065.8,48626.3,Early_Institutional,3,28223.9
2021-12-24,50822.2,51814.0,50514.5,50806.1,Early_Institutional,3,24367.9
2021-12-25,50429.9,51176.6,50236.7,50854.9,Early_Institutional,3,19030.7
2021-12-26,50809.5,51196.4,49623.1,50428.7,Early_Institutional,3,20964.4
2021-12-27,50640.4,51956.3,50499.5,50802.6,Early_Institutional,3,24324.3
2021-12-28,47588.9,50679.9,47414.2,50679.9,Early_Institutional,3,33430.4
2021-12-29,46444.7,48119.7,46201.5,47623.9,Early_Institutional,3,30049.2
2021-12-30,47178.1,47880.0,46060.3,46490.6,Early_Institutional,3,26686.5
2021-12-31,46306.4,48472.5,45820.0,47169.4,Early_Institutional,3,36974.2
2022-01-01,47686.8,47827.3,46288.5,46311.7,Early_Institutional,3,24582.7
2022-01-02,47345.2,47881.4,46856.9,47680.9,Early_Institutional,3,27951.6
2022-01-03,46458.1,47510.7,45836.0,47343.5,Early_Institutional,3,33071.6
2022-01-04,45897.6,47406.5,45752.5,46458.9,Early_Institutional,3,42494.7
2022-01-05,43569.0,46929.0,42798.2,45899.4,Early_Institutional,3,36851.1
2022-01-06,43160.9,43748.7,42645.5,43565.5,Early_Institutional,3,30208.0
2022-01-07,41557.9,43153.6,41077.4,43153.6,Early_Institutional,3,84196.6
2022-01-08,41733.9,42228.9,40672.3,41561.5,Early_Institutional,3,28066.4
2022-01-09,41911.6,42663.9,41338.2,41734.7,Early_Institutional,3,21294.4
2022-01-10,41821.3,42199.5,39796.6,41910.2,Early_Institutional,3,32104.2
2022-01-11,42735.9,43001.2,41407.8,41819.5,Early_Institutional,3,26327.6
2022-01-12,43949.1,44135.4,42529.0,42742.2,Early_Institutional,3,33499.9
2022-01-13,42591.6,44278.4,42447.0,43946.7,Early_Institutional,3,47691.1
2022-01-14,43099.7,43346.7,41982.6,42598.9,Early_Institutional,3,23577.4
2022-01-15,43177.4,43724.7,42669.0,43101.9,Early_Institutional,3,18371.3
2022-01-16,43113.9,43436.8,42691.0,43172.0,Early_Institutional,3,17902.1
2022-01-17,42250.6,43179.4,41680.3,43118.1,Early_Institutional,3,21690.9
2022-01-18,42375.6,42534.4,41392.2,42250.1,Early_Institutional,3,22417.2
2022-01-19,41744.3,42478.3,41242.9,42374.0,Early_Institutional,3,23091.5
2022-01-20,40680.4,43413.0,40672.8,41744.0,Early_Institutional,3,20382.0
2022-01-21,36457.3,41060.5,35791.4,40699.6,Early_Institutional,3,43012.0
2022-01-22,35030.2,36688.8,34349.2,36471.6,Early_Institutional,3,39714.4
2022-01-23,36276.8,36433.3,34785.0,35047.4,Early_Institutional,3,26018.0
2022-01-24,36654.3,37247.5,33184.1,36275.7,Early_Institutional,3,41856.7
2022-01-25,36954.0,37444.6,35779.4,36654.8,Early_Institutional,3,26428.2
2022-01-26,36852.1,38825.4,36374.9,36950.5,Early_Institutional,3,31324.6
2022-01-27,37138.2,37148.3,35629.3,36841.9,Early_Institutional,3,25041.4
2022-01-28,37784.3,37952.9,36211.1,37128.4,Early_Institutional,3,22238.8
2022-01-29,38138.2,38576.3,37406.5,37780.7,Early_Institutional,3,17194.2
2022-01-30,37917.6,38266.3,37437.7,38151.9,Early_Institutional,3,14643.5
2022-01-31,38483.1,38647.3,36733.6,37920.3,Early_Institutional,3,20734.7
2022-02-01,38743.3,39115.1,38113.7,38481.8,Early_Institutional,3,20288.5
2022-02-02,36953.0,38834.6,36832.7,38743.7,Early_Institutional,3,19155.2
2022-02-03,37154.6,37154.6,36375.5,36944.8,Early_Institutional,3,18591.5
2022-02-04,41500.9,41527.8,37093.6,37149.3,Early_Institutional,3,29412.2
2022-02-05,41441.2,41847.2,41038.1,41501.5,Early_Institutional,3,19652.8
2022-02-06,42412.4,42500.8,41244.9,41441.1,Early_Institutional,3,16142.1
2022-02-07,43840.3,44401.9,41748.2,42406.8,Early_Institutional,3,28641.9
2022-02-08,44118.4,45293.9,42807.8,43854.7,Early_Institutional,3,33079.4
2022-02-09,44338.8,44727.8,43233.0,44096.7,Early_Institutional,3,23245.9
2022-02-10,43565.1,45661.2,43402.8,44347.8,Early_Institutional,3,32142.0
2022-02-11,42407.9,43810.8,42114.5,43571.1,Early_Institutional,3,26954.9
2022-02-12,42244.5,42992.6,41852.6,42412.3,Early_Institutional,3,18152.4
2022-02-13,42197.5,42693.1,41950.9,42236.6,Early_Institutional,3,14741.6
2022-02-14,42586.9,42775.8,41682.0,42157.4,Early_Institutional,3,20827.8
2022-02-15,44575.2,44667.2,42491.0,42586.5,Early_Institutional,3,22721.7
2022-02-16,43961.9,44578.3,43456.7,44578.3,Early_Institutional,3,19792.5
2022-02-17,40538.0,44133.0,40249.4,43937.1,Early_Institutional,3,26246.7
2022-02-18,40031.0,40929.2,39637.6,40552.1,Early_Institutional,3,23310.0
2022-02-19,40122.2,40418.9,39713.1,40026.0,Early_Institutional,3,13736.6
2022-02-20,38431.4,40119.9,38112.8,40118.1,Early_Institutional,3,18340.6
2022-02-21,37075.3,39394.4,36950.5,38423.2,Early_Institutional,3,29280.4
2022-02-22,38286.0,38359.9,36488.9,37068.8,Early_Institutional,3,25493.2
2022-02-23,37296.6,39122.4,37201.8,38285.3,Early_Institutional,3,21849.1
2022-02-24,38332.6,38968.8,34459.2,37278.6,Early_Institutional,3,46383.8
2022-02-25,39214.2,39630.3,38111.3,38333.7,Early_Institutional,3,26545.6
2022-02-26,39105.1,40005.3,38702.5,39213.1,Early_Institutional,3,17467.6
2022-02-27,37709.8,39778.9,37269.0,39098.7,Early_Institutional,3,23450.1
2022-02-28,43193.2,43760.5,37518.2,37706.0,Early_Institutional,3,35690.0
2022-03-01,44354.6,44793.6,42952.6,43194.5,Early_Institutional,3,32479.0
2022-03-02,43924.1,45077.6,43432.9,44357.6,Early_Institutional,3,29183.1
2022-03-03,42451.8,44021.6,41914.8,43925.2,Early_Institutional,3,24967.8
2022-03-04,39137.6,42479.6,38805.8,42458.1,Early_Institutional,3,28516.3
2022-03-05,39400.6,39566.3,38777.0,39148.4,Early_Institutional,3,16975.9
2022-03-06,38420.0,39640.2,38211.6,39404.2,Early_Institutional,3,19745.2
2022-03-07,38062.0,39430.2,37260.2,38429.3,Early_Institutional,3,28546.1
2022-03-08,38737.3,39304.4,37957.4,38059.9,Early_Institutional,3,25776.6
2022-03-09,41982.9,42465.7,38706.1,38742.8,Early_Institutional,3,32284.1
2022-03-10,39437.5,42004.7,38832.9,41974.1,Early_Institutional,3,31078.1
2022-03-11,38795.0,40081.7,38347.4,39440.0,Early_Institutional,3,26364.9
2022-03-12,38904.0,39308.6,38772.5,38794.5,Early_Institutional,3,14616.5
2022-03-13,37849.7,39209.4,37728.1,38884.7,Early_Institutional,3,17300.7
2022-03-14,39666.8,39742.5,37680.7,37846.3,Early_Institutional,3,24322.2
2022-03-15,39338.8,39794.6,38310.2,39664.2,Early_Institutional,3,23934.0
2022-03-16,41143.9,41465.5,39022.3,39335.6,Early_Institutional,3,39616.9
2022-03-17,40951.4,41287.5,40662.9,41140.8,Early_Institutional,3,22009.6
2022-03-18,41801.2,42195.7,40302.4,40944.8,Early_Institutional,3,34421.6
2022-03-19,42190.7,42316.6,41602.7,41794.6,Early_Institutional,3,19664.9
2022-03-20,41247.8,42241.2,41004.8,42191.4,Early_Institutional,3,20127.9
2022-03-21,41078.0,41454.4,40668.0,41246.1,Early_Institutional,3,24615.5
2022-03-22,42358.8,43124.7,40948.3,41074.1,Early_Institutional,3,32004.7
2022-03-23,42893.0,42893.5,41877.5,42364.4,Early_Institutional,3,25242.9
2022-03-24,43960.9,44131.9,42726.2,42886.7,Early_Institutional,3,31043.0
2022-03-25,44348.7,44999.5,43706.3,43964.5,Early_Institutional,3,30574.4
2022-03-26,44500.8,44736.0,44166.3,44349.9,Early_Institutional,3,16950.5
2022-03-27,46820.5,46827.5,44437.3,44505.4,Early_Institutional,3,28160.9
2022-03-28,47128.0,48086.8,46690.2,46821.9,Early_Institutional,3,36362.2
2022-03-29,47465.7,48022.3,47100.4,47100.4,Early_Institutional,3,31397.1
2022-03-30,47062.7,47655.1,46746.2,47456.9,Early_Institutional,3,29333.9
2022-03-31,45538.7,47512.0,45390.5,47062.1,Early_Institutional,3,33327.4
2022-04-01,46281.6,46616.2,44403.1,45554.2,Early_Institutional,3,38162.6
2022-04-02,45868.9,47028.3,45782.5,46285.5,Early_Institutional,3,29336.6
2022-04-03,46453.6,47313.5,45634.1,45859.1,Early_Institutional,3,25414.4
2022-04-04,46622.7,46791.1,45235.8,46445.3,Early_Institutional,3,32499.8
2022-04-05,45556.0,47106.1,45544.8,46624.5,Early_Institutional,3,29640.6
2022-04-06,43206.7,45544.4,43194.0,45544.4,Early_Institutional,3,39393.4
2022-04-07,43503.8,43860.7,42899.9,43207.5,Early_Institutional,3,26102.0
2022-04-08,42287.7,43903.0,42183.3,43505.1,Early_Institutional,3,27216.0
2022-04-09,42782.1,42786.8,42183.3,42282.1,Early_Institutional,3,16050.8
2022-04-10,42207.7,43376.4,42021.2,42781.1,Early_Institutional,3,17654.5
2022-04-11,39521.9,42424.6,39373.1,42201.0,Early_Institutional,3,33949.9
2022-04-12,40127.2,40617.6,39388.3,39533.7,Early_Institutional,3,30991.5
2022-04-13,41166.7,41430.1,39712.7,40123.6,Early_Institutional,3,27691.1
2022-04-14,39935.5,41451.5,39695.7,41160.2,Early_Institutional,3,24342.0
2022-04-15,40553.5,40617.7,39866.8,39939.4,Early_Institutional,3,21756.9
2022-04-16,40424.5,40633.7,40078.4,40552.3,Early_Institutional,3,16833.2
2022-04-17,39717.0,40570.7,39620.9,40417.8,Early_Institutional,3,19087.6
2022-04-18,40826.2,40986.3,38696.2,39721.2,Early_Institutional,3,33705.2
2022-04-19,41502.8,41673.0,40618.6,40828.2,Early_Institutional,3,25303.2
2022-04-20,41374.4,42126.3,40961.1,41501.7,Early_Institutional,3,27819.5
2022-04-21,40527.4,42893.6,40063.8,41371.5,Early_Institutional,3,35372.8
2022-04-22,39740.3,40777.8,39315.4,40525.9,Early_Institutional,3,28011.7
2022-04-23,39486.7,39935.9,39352.2,39738.7,Early_Institutional,3,16138.0
2022-04-24,39469.3,39845.9,39233.5,39478.4,Early_Institutional,3,17964.4
2022-04-25,40458.3,40491.8,38338.4,39472.6,Early_Institutional,3,35445.7
2022-04-26,38117.5,40713.9,37885.0,40448.4,Early_Institutional,3,34569.1
2022-04-27,39241.1,39397.9,37997.3,38120.3,Early_Institutional,3,30981.0
2022-04-28,39773.8,40269.5,38941.4,39241.4,Early_Institutional,3,33903.7
2022-04-29,38609.8,39887.3,38235.5,39768.6,Early_Institutional,3,30883.0
2022-04-30,37714.9,38771.2,37697.9,38605.9,Early_Institutional,3,23895.7
2022-05-01,38469.1,38627.9,37585.8,37713.3,Early_Institutional,3,27002.8
2022-05-02,38529.3,39075.0,38156.6,38472.2,Early_Institutional,3,32922.6
2022-05-03,37750.5,38630.0,37585.6,38528.1,Early_Institutional,3,27326.9
2022-05-04,39698.4,39902.9,37732.1,37748.0,Early_Institutional,3,36754.4
2022-05-05,36575.1,39789.3,35856.5,39695.7,Early_Institutional,3,43106.3
2022-05-06,36040.9,36624.4,35482.1,36573.2,Early_Institutional,3,37795.6
2022-05-07,35502.0,36129.9,34940.8,36042.5,Early_Institutional,3,24375.9
2022-05-08,34059.3,35502.9,33879.0,35502.9,Early_Institutional,3,36763.0
2022-05-09,30297.0,34222.1,30297.0,34060.0,Early_Institutional,3,63355.5
2022-05-10,31022.9,32596.3,29944.8,30273.7,Early_Institutional,3,59811.0
2022-05-11,28936.4,32013.4,28170.4,31016.2,Early_Institutional,3,70388.9
2022-05-12,29047.8,30032.4,26350.5,28936.7,Early_Institutional,3,66989.2
2022-05-13,29283.1,30924.8,28782.3,29030.9,Early_Institutional,3,42841.1
2022-05-14,30101.3,30192.8,28702.9,29285.6,Early_Institutional,3,28579.9
2022-05-15,31305.1,31308.2,29527.7,30098.6,Early_Institutional,3,25835.4
2022-05-16,29862.9,31305.3,29251.9,31304.4,Early_Institutional,3,32613.9
2022-05-17,30425.9,30694.5,29570.3,29862.4,Early_Institutional,3,29101.5
2022-05-18,28720.3,30618.7,28720.3,30424.5,Early_Institutional,3,31285.3
2022-05-19,30314.3,30430.8,28709.0,28720.4,Early_Institutional,3,33773.4
2022-05-20,29200.7,30665.0,28793.6,30311.1,Early_Institutional,3,30749.4
2022-05-21,29432.2,29588.9,29027.4,29199.9,Early_Institutional,3,17274.8
2022-05-22,30323.7,30425.9,29275.2,29432.5,Early_Institutional,3,21631.5
2022-05-23,29098.9,30590.6,28975.6,30309.4,Early_Institutional,3,31483.5
2022-05-24,29655.6,29774.4,28786.6,29101.1,Early_Institutional,3,26616.5
2022-05-25,29562.4,30157.8,29384.9,29653.1,Early_Institutional,3,27525.1
2022-05-26,29267.2,29834.2,28261.9,29564.8,Early_Institutional,3,36774.3
2022-05-27,28627.6,29346.9,28326.6,29251.1,Early_Institutional,3,36582.0
2022-05-28,28814.9,28814.9,28554.6,28622.6,Early_Institutional,3,35519.6
2022-05-29,29446.0,29498.0,28841.1,29019.9,Early_Institutional,3,18093.9
2022-05-30,31726.4,31949.6,29303.6,29443.4,Early_Institutional,3,39278.0
2022-05-31,31792.3,32249.9,31286.2,31723.9,Early_Institutional,3,33538.2
2022-06-01,29799.1,31957.3,29501.6,31792.6,Early_Institutional,3,41135.8
2022-06-02,30467.5,30604.7,29652.7,29794.9,Early_Institutional,3,29083.6
2022-06-03,29704.4,30633.0,29375.7,30467.8,Early_Institutional,3,26175.5
2022-06-04,29832.9,29930.6,29500.0,29706.1,Early_Institutional,3,16588.4
2022-06-05,29906.7,30117.7,29574.4,29835.1,Early_Institutional,3,17264.1
2022-06-06,31370.7,31693.3,29894.2,29910.3,Early_Institutional,3,31947.3
2022-06-07,31155.5,31489.7,29311.7,31371.7,Early_Institutional,3,40771.0
2022-06-08,30214.4,31253.7,29944.4,31151.5,Early_Institutional,3,30242.1
2022-06-09,30112.0,30609.3,30020.3,30215.3,Early_Institutional,3,21692.0
2022-06-10,29083.8,30245.8,28978.1,30110.3,Early_Institutional,3,29867.5
2022-06-11,28360.8,29401.9,28236.2,29084.7,Early_Institutional,3,27246.6
2022-06-12,26762.6,28502.7,26762.6,28373.5,Early_Institutional,3,34163.2
2022-06-13,22487.4,26795.6,22141.3,26737.6,Early_Institutional,3,68204.6
2022-06-14,22206.8,23019.0,20950.8,22488.0,Early_Institutional,3,50913.6
2022-06-15,22572.8,22642.7,20178.4,22196.7,Early_Institutional,3,54912.0
2022-06-16,20381.7,22868.9,20265.2,22576.3,Early_Institutional,3,31184.0
2022-06-17,20471.5,21243.3,20326.5,20385.7,Early_Institutional,3,27132.4
2022-06-18,19017.6,20736.0,17708.6,20473.4,Early_Institutional,3,42009.4
2022-06-19,20553.3,20683.8,18067.2,19010.9,Early_Institutional,3,35329.9
2022-06-20,20599.5,20913.3,19689.2,20553.4,Early_Institutional,3,30818.5
2022-06-21,20710.6,21620.6,20415.1,20594.3,Early_Institutional,3,28970.2
2022-06-22,19987.0,20835.8,19848.1,20719.4,Early_Institutional,3,28574.8
2022-06-23,21085.9,21135.8,19950.1,19986.6,Early_Institutional,3,26188.1
2022-06-24,21231.7,21472.9,20777.5,21084.6,Early_Institutional,3,24957.8
2022-06-25,21502.3,21520.9,20964.6,21233.6,Early_Institutional,3,18372.5
2022-06-26,21027.3,21783.7,21016.3,21496.5,Early_Institutional,3,18027.2
2022-06-27,20735.5,21478.1,20620.2,21028.2,Early_Institutional,3,20965.7
2022-06-28,20280.6,21164.4,20228.8,20731.5,Early_Institutional,3,21381.5
2022-06-29,20104.0,20364.2,19937.8,20281.2,Early_Institutional,3,23552.7
2022-06-30,19784.7,20141.2,18729.7,20108.3,Early_Institutional,3,26267.2
2022-07-01,19269.4,20632.7,19073.7,19820.5,Early_Institutional,3,30767.6
2022-07-02,19242.3,19371.7,19027.1,19274.8,Early_Institutional,3,18100.4
2022-07-03,19297.1,19558.3,18967.0,19242.1,Early_Institutional,3,16390.8
2022-07-04,20231.3,20258.7,19063.1,19297.3,Early_Institutional,3,21594.6
2022-07-05,20190.1,20635.5,19341.2,20225.4,Early_Institutional,3,26715.5
2022-07-06,20548.2,20595.5,19823.5,20194.6,Early_Institutional,3,24598.9
2022-07-07,21637.6,21771.8,20296.1,20547.8,Early_Institutional,3,25815.0
2022-07-08,21731.1,22314.9,21257.5,21637.2,Early_Institutional,3,49899.8
2022-07-09,21592.2,21877.1,21446.0,21716.8,Early_Institutional,3,29641.1
2022-07-10,20860.4,21591.1,20727.1,21591.1,Early_Institutional,3,28688.8
2022-07-11,19970.6,20856.4,19924.5,20856.4,Early_Institutional,3,24150.2
2022-07-12,19323.9,20043.4,19308.5,19970.5,Early_Institutional,3,25810.2
2022-07-13,20212.1,20223.1,19000.0,19326.0,Early_Institutional,3,33042.4
2022-07-14,20569.9,20789.9,19689.3,20211.5,Early_Institutional,3,31158.7
2022-07-15,20836.3,21138.2,20397.0,20573.2,Early_Institutional,3,25905.6
2022-07-16,21190.3,21514.4,20518.9,20834.1,Early_Institutional,3,24303.0
2022-07-17,20779.3,21600.6,20778.2,21195.0,Early_Institutional,3,22927.8
2022-07-18,22485.7,22633.0,20781.9,20781.9,Early_Institutional,3,39974.5
2022-07-19,23389.4,23667.0,21683.4,22467.8,Early_Institutional,3,48765.2
2022-07-20,23231.7,24196.8,23009.9,23393.2,Early_Institutional,3,42932.5
2022-07-21,23164.6,23388.3,22431.1,23233.2,Early_Institutional,3,33631.0
2022-07-22,22715.0,23671.9,22603.4,23163.8,Early_Institutional,3,31421.6
2022-07-23,22465.5,22977.2,22002.9,22707.0,Early_Institutional,3,24021.8
2022-07-24,22609.2,22974.0,22306.8,22465.5,Early_Institutional,3,23565.5
2022-07-25,21361.7,22649.1,21361.6,22607.2,Early_Institutional,3,35574.6
2022-07-26,21239.8,21361.1,20776.8,21361.1,Early_Institutional,3,28624.7
2022-07-27,22930.5,22986.5,21070.8,21244.2,Early_Institutional,3,31759.0
2022-07-28,23843.9,24110.5,22722.3,22933.6,Early_Institutional,3,40212.4
2022-07-29,23804.6,24294.8,23481.2,23845.2,Early_Institutional,3,35887.2
2022-07-30,23656.2,24572.6,23580.5,23796.8,Early_Institutional,3,28148.2
2022-07-31,23336.9,24121.6,23275.7,23652.1,Early_Institutional,3,23553.6
2022-08-01,23314.2,23464.8,22890.8,23336.7,Early_Institutional,3,25849.2
2022-08-02,22978.1,23415.0,22710.1,23308.4,Early_Institutional,3,28389.3
2022-08-03,22846.5,23578.7,22747.8,22981.3,Early_Institutional,3,26288.2
2022-08-04,22631.0,23198.0,22485.7,22848.2,Early_Institutional,3,25120.2
2022-08-05,23289.3,23422.8,22612.2,22626.8,Early_Institutional,3,28881.2
2022-08-06,22961.3,23326.6,22961.3,23291.4,Early_Institutional,3,15978.3
2022-08-07,23175.9,23359.0,22894.6,22963.5,Early_Institutional,3,15886.8
2022-08-08,23809.5,24203.7,23176.5,23179.5,Early_Institutional,3,28575.5
2022-08-09,23164.3,23898.6,22982.0,23811.5,Early_Institutional,3,23555.7
2022-08-10,23947.6,24127.4,22771.5,23162.9,Early_Institutional,3,32837.4
2022-08-11,23957.5,24822.6,23901.0,23948.3,Early_Institutional,3,37127.0
2022-08-12,24402.8,24412.6,23657.3,23957.2,Early_Institutional,3,27265.8
2022-08-13,24424.1,24860.1,24346.1,24402.2,Early_Institutional,3,22987.3
2022-08-14,24319.3,24974.9,24206.3,24429.1,Early_Institutional,3,22994.1
2022-08-15,24137.0,25135.6,23839.8,24318.3,Early_Institutional,3,35123.5
2022-08-16,23883.3,24228.4,23733.5,24126.1,Early_Institutional,3,27753.7
2022-08-17,23336.0,24407.1,23243.4,23881.3,Early_Institutional,3,30931.6
2022-08-18,23212.7,23563.8,23177.6,23341.0,Early_Institutional,3,23747.6
2022-08-19,20877.6,23213.3,20868.8,23213.3,Early_Institutional,3,40509.6
2022-08-20,21166.1,21350.8,20856.7,20872.8,Early_Institutional,3,27595.7
2022-08-21,21534.1,21668.8,21103.2,21160.4,Early_Institutional,3,23102.3
2022-08-22,21398.9,21531.5,20939.2,21531.5,Early_Institutional,3,31666.5
2022-08-23,21528.1,21646.2,20955.1,21401.0,Early_Institutional,3,31878.3
2022-08-24,21395.0,21783.1,21195.0,21526.5,Early_Institutional,3,31962.3
2022-08-25,21600.9,21789.6,21362.4,21395.5,Early_Institutional,3,31028.7
2022-08-26,20260.0,21804.9,20199.5,21596.1,Early_Institutional,3,42326.8
2022-08-27,20041.7,20340.8,19890.5,20262.5,Early_Institutional,3,30116.7
2022-08-28,19616.8,20139.1,19616.8,20041.0,Early_Institutional,3,24366.8
2022-08-29,20298.0,20357.5,19600.8,19615.2,Early_Institutional,3,32637.9
2022-08-30,19796.8,20542.6,19617.6,20298.6,Early_Institutional,3,34483.4
2022-08-31,20049.8,20421.0,19799.6,19799.6,Early_Institutional,3,33225.2
2022-09-01,20127.1,20198.4,19654.0,20050.5,Early_Institutional,3,30182.0
2022-09-02,19969.8,20401.6,19814.8,20126.1,Early_Institutional,3,29124.0
2022-09-03,19832.1,20037.0,19698.4,19969.7,Early_Institutional,3,23613.1
2022-09-04,19986.7,19999.7,19636.8,19832.5,Early_Institutional,3,25245.9
2022-09-05,19812.4,20031.2,19673.0,19988.8,Early_Institutional,3,28813.5
2022-09-06,18837.7,20155.3,18800.2,19817.7,Early_Institutional,3,43404.0
2022-09-07,19290.3,19427.2,18644.5,18837.7,Early_Institutional,3,35239.8
2022-09-08,19329.8,19417.4,19076.7,19289.9,Early_Institutional,3,32194.5
2022-09-09,21381.2,21439.4,19311.0,19328.1,Early_Institutional,3,48469.5
2022-09-10,21680.5,21760.3,21168.7,21376.9,Early_Institutional,3,36913.7
2022-09-11,21769.3,21770.6,21406.9,21678.5,Early_Institutional,3,34494.0
2022-09-12,22370.4,22439.2,21603.9,21770.1,Early_Institutional,3,50212.1
2022-09-13,20296.7,22673.8,20062.7,22371.5,Early_Institutional,3,51091.1
2022-09-14,20241.1,20467.2,19793.4,20184.6,Early_Institutional,3,37872.4
2022-09-15,19701.2,20318.2,19636.7,20242.3,Early_Institutional,3,36389.0
2022-09-16,19772.6,19870.6,19400.1,19704.0,Early_Institutional,3,30123.4
2022-09-17,20127.6,20162.5,19777.0,19777.0,Early_Institutional,3,24957.4
2022-09-18,19419.5,20127.2,19387.5,20127.2,Early_Institutional,3,31254.8
2022-09-19,19544.1,19639.5,18390.3,19418.6,Early_Institutional,3,40177.0
2022-09-20,18890.8,19602.5,18813.5,19545.6,Early_Institutional,3,36791.3
2022-09-21,18547.4,19674.6,18290.3,18891.3,Early_Institutional,3,46363.8
2022-09-22,19413.6,19456.9,18415.6,18534.7,Early_Institutional,3,41135.8
2022-09-23,19297.6,19464.7,18617.6,19412.4,Early_Institutional,3,38896.1
2022-09-24,18937.0,19310.2,18862.0,19297.0,Early_Institutional,3,26149.6
2022-09-25,18802.1,19134.7,18696.5,18936.3,Early_Institutional,3,23360.0
2022-09-26,19222.7,19274.9,18721.3,18803.9,Early_Institutional,3,44148.8
2022-09-27,19110.5,20338.5,18915.7,19221.8,Early_Institutional,3,58571.4
2022-09-28,19426.7,19688.3,18553.3,19104.6,Early_Institutional,3,53071.3
2022-09-29,19573.1,19589.3,18924.4,19427.8,Early_Institutional,3,41037.8
2022-09-30,19431.8,20109.8,19265.7,19573.4,Early_Institutional,3,43975.2
2022-10-01,19312.1,19471.2,19231.1,19431.1,Early_Institutional,3,18719.5
2022-10-02,19044.1,19370.3,18970.6,19311.8,Early_Institutional,3,20766.0
2022-10-03,19623.6,19653.5,19025.2,19044.1,Early_Institutional,3,30484.7
2022-10-04,20336.8,20380.3,19523.8,19623.6,Early_Institutional,3,35887.3
2022-10-05,20160.7,20343.7,19801.8,20335.9,Early_Institutional,3,33223.8
2022-10-06,19955.4,20408.4,19900.1,20161.0,Early_Institutional,3,34711.4
2022-10-07,19546.8,20041.1,19395.8,19957.6,Early_Institutional,3,29227.3
2022-10-08,19416.6,19601.7,19299.4,19546.3,Early_Institutional,3,16437.4
2022-10-09,19446.4,19542.5,19349.3,19417.5,Early_Institutional,3,16837.3
2022-10-10,19141.5,19515.5,19103.0,19446.4,Early_Institutional,3,27425.0
2022-10-11,19051.4,19242.0,18925.6,19139.0,Early_Institutional,3,28711.5
2022-10-12,19157.4,19203.2,19029.8,19052.6,Early_Institutional,3,24950.2
2022-10-13,19382.9,19453.3,18319.8,19157.0,Early_Institutional,3,44219.8
2022-10-14,19185.7,19889.1,19115.4,19382.5,Early_Institutional,3,38452.4
2022-10-15,19067.6,19212.5,19019.2,19185.4,Early_Institutional,3,16192.2
2022-10-16,19268.1,19389.6,19068.9,19068.9,Early_Institutional,3,17988.9
2022-10-17,19550.8,19635.8,19173.3,19268.6,Early_Institutional,3,27472.6
2022-10-18,19334.4,19667.0,19144.8,19550.5,Early_Institutional,3,30580.0
2022-10-19,19139.5,19348.4,19127.7,19335.0,Early_Institutional,3,22425.4
2022-10-20,19053.7,19315.2,18971.5,19138.1,Early_Institutional,3,24494.0
2022-10-21,19172.5,19237.4,18771.0,19053.2,Early_Institutional,3,32459.3
2022-10-22,19208.2,19248.1,19132.2,19172.4,Early_Institutional,3,16104.4
2022-10-23,19567.0,19646.7,19124.2,19207.7,Early_Institutional,3,22128.8
2022-10-24,19345.6,19589.1,19206.3,19567.8,Early_Institutional,3,30202.2
2022-10-25,20095.9,20348.4,19261.4,19345.0,Early_Institutional,3,47761.5
2022-10-26,20770.4,20938.1,20076.1,20092.2,Early_Institutional,3,58896.0
2022-10-27,20285.8,20854.0,20255.4,20772.8,Early_Institutional,3,49625.1
2022-10-28,20595.4,20725.0,20086.1,20288.0,Early_Institutional,3,43994.7
2022-10-29,20818.5,20988.4,20566.5,20595.1,Early_Institutional,3,40369.8
2022-10-30,20635.6,20917.0,20547.5,20818.0,Early_Institutional,3,31486.3
2022-10-31,20495.8,20795.3,20287.5,20633.7,Early_Institutional,3,45668.5
2022-11-01,20485.3,20647.3,20359.8,20494.9,Early_Institutional,3,39819.3
2022-11-02,20159.5,20742.8,20087.1,20483.0,Early_Institutional,3,55552.2
2022-11-03,20210.0,20382.1,20086.2,20162.7,Early_Institutional,3,43228.8
2022-11-04,21147.2,21209.6,20188.0,20208.8,Early_Institutional,3,64072.7
2022-11-05,21282.7,21446.9,21097.6,21144.8,Early_Institutional,3,37846.0
2022-11-06,20926.5,21345.4,20920.2,21285.1,Early_Institutional,3,35082.7
2022-11-07,20602.8,21053.2,20490.0,20924.6,Early_Institutional,3,53510.9
2022-11-08,18541.3,20664.6,17603.5,20600.7,Early_Institutional,3,118992.5
2022-11-09,15880.8,18590.5,15682.7,18543.8,Early_Institutional,3,102905.2
2022-11-10,17586.8,18054.3,15834.0,15883.2,Early_Institutional,3,83202.3
2022-11-11,17034.3,17650.9,16543.5,17583.3,Early_Institutional,3,55871.6
2022-11-12,16799.2,17066.7,16651.8,17036.9,Early_Institutional,3,29717.7
2022-11-13,16353.4,16920.8,16320.6,16799.7,Early_Institutional,3,27209.2
2022-11-14,16618.2,17109.3,15872.9,16352.0,Early_Institutional,3,49630.2
2022-11-15,16884.6,17052.0,16542.6,16617.5,Early_Institutional,3,36599.4
2022-11-16,16669.4,16960.3,16430.1,16884.3,Early_Institutional,3,33925.5
2022-11-17,16687.5,16726.4,16460.7,16670.4,Early_Institutional,3,27868.9
2022-11-18,16697.8,16947.1,16564.6,16687.9,Early_Institutional,3,26862.2
2022-11-19,16711.5,16797.9,16570.4,16696.2,Early_Institutional,3,16106.2
2022-11-20,16291.8,16746.8,16248.7,16712.9,Early_Institutional,3,21313.4
2022-11-21,15787.3,16291.2,15599.0,16291.2,Early_Institutional,3,37429.5
2022-11-22,16189.8,16253.0,15656.6,15782.3,Early_Institutional,3,30726.8
2022-11-23,16610.7,16638.2,16170.5,16195.6,Early_Institutional,3,32958.9
2022-11-24,16604.5,16771.5,16501.8,16611.6,Early_Institutional,3,26129.0
2022-11-25,16521.8,16603.3,16388.4,16602.3,Early_Institutional,3,18678.3
2022-11-26,16464.3,16666.9,16416.2,16521.6,Early_Institutional,3,18000.0
2022-11-27,16444.6,16594.4,16437.0,16463.9,Early_Institutional,3,20443.9
2022-11-28,16217.3,16482.9,16054.5,16440.2,Early_Institutional,3,27743.0
2022-11-29,16445.0,16522.3,16139.4,16217.6,Early_Institutional,3,23581.7
2022-11-30,17168.6,17190.9,16445.5,16445.5,Early_Institutional,3,29523.6
2022-12-01,16967.1,17197.5,16888.4,17168.0,Early_Institutional,3,22895.4
2022-12-02,17088.7,17088.7,16877.9,16968.7,Early_Institutional,3,19539.7
2022-12-03,16908.2,17116.0,16888.1,17090.1,Early_Institutional,3,16217.8
2022-12-04,17130.5,17157.8,16903.4,16908.2,Early_Institutional,3,16824.5
2022-12-05,16974.8,17378.2,16922.4,17128.9,Early_Institutional,3,22209.1
2022-12-06,17089.5,17091.9,16939.9,16975.2,Early_Institutional,3,19889.9
2022-12-07,16848.1,17109.4,16750.6,17089.5,Early_Institutional,3,19675.4
2022-12-08,17233.5,17267.9,16788.8,16847.3,Early_Institutional,3,20496.6
2022-12-09,17133.2,17280.5,17100.8,17232.1,Early_Institutional,3,20328.4
2022-12-10,17128.7,17216.8,17120.7,17134.2,Early_Institutional,3,12706.8
2022-12-11,17104.2,17245.6,17091.8,17129.7,Early_Institutional,3,14122.5
2022-12-12,17206.4,17212.6,16899.4,17102.5,Early_Institutional,3,19617.6
2022-12-13,17781.3,17930.1,17111.8,17206.4,Early_Institutional,3,26634.7
2022-12-14,17815.7,18318.5,17739.5,17782.1,Early_Institutional,3,25534.5
2022-12-15,17364.9,17846.7,17322.6,17813.6,Early_Institutional,3,20964.4
2022-12-16,16647.5,17505.5,16584.7,17364.5,Early_Institutional,3,24031.6
2022-12-17,16795.1,16800.6,16614.0,16647.0,Early_Institutional,3,14463.6
2022-12-18,16758.0,16815.4,16697.8,16795.6,Early_Institutional,3,10924.4
2022-12-19,16439.7,16807.5,16398.1,16759.0,Early_Institutional,3,17221.1
2022-12-20,16906.3,17013.0,16427.9,16441.8,Early_Institutional,3,22722.1
2022-12-21,16817.5,16916.8,16755.9,16904.5,Early_Institutional,3,14882.9
2022-12-22,16830.3,16866.7,16592.4,16818.4,Early_Institutional,3,16441.6
2022-12-23,16797.0,16905.2,16794.5,16829.6,Early_Institutional,3,15329.3
2022-12-24,16847.8,16864.7,16793.5,16797.0,Early_Institutional,3,9744.6
2022-12-25,16842.0,16860.6,16755.3,16847.5,Early_Institutional,3,11656.4
2022-12-26,16919.8,16920.1,16812.4,16842.2,Early_Institutional,3,11887.0
2022-12-27,16717.2,16959.8,16642.1,16919.3,Early_Institutional,3,15748.6
2022-12-28,16552.6,16768.2,16497.6,16716.4,Early_Institutional,3,17005.7
2022-12-29,16642.3,16651.8,16508.7,16552.3,Early_Institutional,3,14472.2
2022-12-30,16602.6,16643.4,16408.5,16641.3,Early_Institutional,3,15929.2
2022-12-31,16547.5,16629.0,16517.5,16603.7,Early_Institutional,3,11239.2
2023-01-01,16625.1,16630.4,16521.2,16547.9,Early_Institutional,3,9244.4
2023-01-02,16688.5,16759.3,16572.2,16625.5,Early_Institutional,3,12097.8
2023-01-03,16679.9,16760.4,16622.4,16688.8,Early_Institutional,3,13903.1
2023-01-04,16863.2,16964.6,16667.8,16680.2,Early_Institutional,3,18421.7
2023-01-05,16836.7,16884.0,16790.3,16863.5,Early_Institutional,3,13692.8
2023-01-06,16952.0,16992.0,16716.4,16836.5,Early_Institutional,3,14413.7
2023-01-07,16955.1,16975.0,16914.2,16952.1,Early_Institutional,3,7714.8
2023-01-08,17091.1,17091.1,16924.1,16954.1,Early_Institutional,3,9768.8
2023-01-09,17196.6,17390.0,17094.0,17094.0,Early_Institutional,3,18624.7
2023-01-10,17446.3,17484.7,17163.0,17192.9,Early_Institutional,3,15808.3
2023-01-11,17934.9,17934.9,17338.0,17446.4,Early_Institutional,3,18372.3
2023-01-12,18869.6,19030.1,17995.2,18117.6,Early_Institutional,3,34971.3
2023-01-13,19909.6,19964.3,18753.2,18868.9,Early_Institutional,3,29225.0
2023-01-14,20976.3,21075.1,19907.8,19910.5,Early_Institutional,3,38967.8
2023-01-15,20880.8,20993.7,20607.0,20977.5,Early_Institutional,3,19298.4
2023-01-16,21169.6,21360.9,20715.7,20882.2,Early_Institutional,3,26792.5
2023-01-17,21161.5,21438.7,20978.5,21175.8,Early_Institutional,3,25000.0
2023-01-18,20688.8,21564.5,20541.5,21161.1,Early_Institutional,3,30005.6
2023-01-19,21086.8,21163.0,20685.4,20686.7,Early_Institutional,3,21152.8
2023-01-20,22676.6,22692.4,20919.1,21085.4,Early_Institutional,3,28799.2
2023-01-21,22777.6,23282.3,22511.8,22677.4,Early_Institutional,3,32442.3
2023-01-22,22720.4,23056.7,22387.9,22778.0,Early_Institutional,3,24746.4
2023-01-23,22934.4,23126.5,22654.3,22721.1,Early_Institutional,3,26518.7
2023-01-24,22636.5,23134.0,22549.7,22929.6,Early_Institutional,3,26405.1
2023-01-25,23117.9,23722.1,22406.1,22639.3,Early_Institutional,3,30685.4
2023-01-26,23032.8,23237.1,22911.4,23109.0,Early_Institutional,3,26357.8
2023-01-27,23078.7,23417.7,22654.6,23030.7,Early_Institutional,3,25383.3
2023-01-28,23031.1,23165.9,22908.8,23080.0,Early_Institutional,3,14712.9
2023-01-29,23774.6,23919.9,22985.1,23031.4,Early_Institutional,3,27423.7
2023-01-30,22840.1,23789.3,22657.6,23774.6,Early_Institutional,3,27205.6
2023-01-31,23139.3,23225.0,22765.6,22840.8,Early_Institutional,3,22837.8
2023-02-01,23723.8,23764.5,22877.8,23137.8,Early_Institutional,3,26683.3
2023-02-02,23471.9,24167.2,23468.6,23720.8,Early_Institutional,3,32066.9
2023-02-03,23449.3,23678.1,23280.0,23469.4,Early_Institutional,3,27083.1
2023-02-04,23331.8,23556.9,23291.8,23446.3,Early_Institutional,3,15639.3
2023-02-05,22955.7,23423.4,22841.8,23332.2,Early_Institutional,3,19564.3
2023-02-06,22760.1,23119.3,22692.0,22954.0,Early_Institutional,3,23825.0
2023-02-07,23264.3,23311.0,22756.3,22757.3,Early_Institutional,3,27188.0
2023-02-08,22939.4,23368.0,22731.1,23263.4,Early_Institutional,3,25371.4
2023-02-09,21819.0,22996.4,21774.0,22946.6,Early_Institutional,3,32572.6
2023-02-10,21651.2,21941.2,21539.4,21819.0,Early_Institutional,3,27078.4
2023-02-11,21870.9,21891.4,21618.4,21651.8,Early_Institutional,3,16356.2
2023-02-12,21788.2,22061.0,21682.8,21870.9,Early_Institutional,3,17821.0
2023-02-13,21808.1,21898.4,21460.1,21787.0,Early_Institutional,3,23918.7
2023-02-14,22220.8,22293.1,21632.4,21801.8,Early_Institutional,3,26792.6
2023-02-15,24307.8,24307.8,22082.8,22220.6,Early_Institutional,3,32483.3
2023-02-16,23623.5,25134.1,23602.5,24307.3,Early_Institutional,3,39316.7
2023-02-17,24565.6,24924.0,23460.8,23621.3,Early_Institutional,3,41358.5
2023-02-18,24641.3,24798.8,24468.4,24565.3,Early_Institutional,3,19625.4
2023-02-19,24327.6,25093.1,24327.6,24640.0,Early_Institutional,3,25555.1
2023-02-20,24829.1,25020.5,23927.9,24336.6,Early_Institutional,3,28987.4
2023-02-21,24436.4,25126.9,24200.4,24833.0,Early_Institutional,3,31252.1
2023-02-22,24188.8,24472.3,23644.3,24437.4,Early_Institutional,3,30200.0
2023-02-23,23947.5,24572.1,23693.9,24190.7,Early_Institutional,3,30476.3
2023-02-24,23198.1,24103.7,23007.1,23946.0,Early_Institutional,3,26811.7
2023-02-25,23175.4,23210.2,22861.6,23200.1,Early_Institutional,3,16100.7
2023-02-26,23561.2,23654.4,23084.2,23174.2,Early_Institutional,3,16644.5
2023-02-27,23522.9,23857.9,23205.9,23561.5,Early_Institutional,3,22660.8
2023-02-28,23147.4,23585.4,23077.7,23521.8,Early_Institutional,3,20535.4
2023-03-01,23646.6,23880.6,23088.6,23150.9,Early_Institutional,3,24662.8
2023-03-02,23475.5,23739.1,23245.0,23647.0,Early_Institutional,3,20386.4
2023-03-03,22362.7,23479.3,22213.2,23476.6,Early_Institutional,3,26062.4
2023-03-04,22353.3,22405.2,22199.0,22362.9,Early_Institutional,3,11166.0
2023-03-05,22435.5,22613.7,22307.1,22354.1,Early_Institutional,3,13317.0
2023-03-06,22429.8,22584.3,22331.3,22436.8,Early_Institutional,3,17353.2
2023-03-07,22219.8,22527.4,22011.3,22428.3,Early_Institutional,3,22765.5
2023-03-08,21718.1,22268.9,21708.1,22216.4,Early_Institutional,3,22536.6
2023-03-09,20363.0,21802.7,20210.3,21720.1,Early_Institutional,3,30364.7
2023-03-10,20187.2,20370.6,19628.3,20367.0,Early_Institutional,3,39578.3
2023-03-11,20632.4,20792.5,20068.7,20187.9,Early_Institutional,3,30180.3
2023-03-12,22163.9,22185.0,20448.8,20628.0,Early_Institutional,3,29279.0
2023-03-13,24197.5,24550.8,21918.2,22156.4,Early_Institutional,3,49466.4
2023-03-14,24746.1,26514.7,24081.2,24201.8,Early_Institutional,3,54622.2
2023-03-15,24376.0,25240.6,23964.9,24770.9,Early_Institutional,3,43655.7
2023-03-16,25052.8,25190.3,24225.1,24373.5,Early_Institutional,3,33866.1
2023-03-17,27423.9,27787.8,24955.2,25055.1,Early_Institutional,3,50730.3
2023-03-18,26965.9,27726.0,26636.3,27448.1,Early_Institutional,3,35723.0
2023-03-19,28038.7,28440.6,26907.7,26969.5,Early_Institutional,3,37769.4
2023-03-20,27767.2,28527.7,27242.9,28041.6,Early_Institutional,3,44774.0
2023-03-21,28175.8,28439.6,27439.6,27768.4,Early_Institutional,3,36102.2
2023-03-22,27307.4,28803.3,26760.0,28158.7,Early_Institutional,3,33382.0
2023-03-23,28334.0,28729.8,27183.4,27302.0,Early_Institutional,3,24220.4
2023-03-24,27493.3,28388.4,27039.3,28324.1,Early_Institutional,3,25980.3
2023-03-25,27494.7,27791.8,27196.2,27487.3,Early_Institutional,3,13383.0
2023-03-26,27994.3,28178.1,27445.0,27495.5,Early_Institutional,3,13878.4
2023-03-27,27139.9,28037.9,26606.7,27994.1,Early_Institutional,3,18188.9
2023-03-28,27268.1,27460.7,26677.8,27132.9,Early_Institutional,3,17783.6
2023-03-29,28348.4,28619.5,27259.7,27267.0,Early_Institutional,3,20684.9
2023-03-30,28033.6,29159.9,27720.2,28350.1,Early_Institutional,3,22435.3
2023-03-31,28478.5,28639.9,27583.7,28032.3,Early_Institutional,3,19001.3
2023-04-01,28411.0,28802.5,28297.2,28473.3,Early_Institutional,3,10876.5
2023-04-02,28199.3,28519.0,27884.1,28462.8,Early_Institutional,3,12284.6
2023-04-03,27790.2,28475.6,27276.7,28183.1,Early_Institutional,3,19556.5
2023-04-04,28168.1,28433.7,27681.3,27795.3,Early_Institutional,3,15284.5
2023-04-05,28178.0,28739.2,27843.8,28169.7,Early_Institutional,3,17052.3
2023-04-06,28044.1,28178.4,27738.8,28175.2,Early_Institutional,3,13837.8
2023-04-07,27925.9,28111.6,27794.0,28039.0,Early_Institutional,3,10861.7
2023-04-08,27947.8,28159.9,27883.4,27920.5,Early_Institutional,3,9373.3
2023-04-09,28333.1,28532.8,27828.5,27952.4,Early_Institutional,3,12175.3
2023-04-10,29653.0,29771.5,28189.3,28336.0,Early_Institutional,3,19282.4
2023-04-11,30235.1,30509.1,29609.3,29653.7,Early_Institutional,3,20121.3
2023-04-12,30139.1,30462.5,29725.6,30231.6,Early_Institutional,3,18651.9
2023-04-13,30399.1,30539.8,29878.6,29892.7,Early_Institutional,3,17487.7
2023-04-14,30485.7,31005.6,30044.5,30409.6,Early_Institutional,3,22660.0
2023-04-15,30318.5,30601.7,30245.9,30490.8,Early_Institutional,3,11940.7
2023-04-16,30315.4,30555.5,30157.8,30316.0,Early_Institutional,3,12854.8
2023-04-17,29445.0,30319.2,29275.4,30317.1,Early_Institutional,3,17872.2
2023-04-18,30397.6,30470.3,29154.8,29449.1,Early_Institutional,3,19480.5
2023-04-19,28822.7,30411.1,28669.9,30394.2,Early_Institutional,3,24571.6
2023-04-20,28246.0,29076.4,28037.3,28823.7,Early_Institutional,3,21340.4
2023-04-21,27276.9,28350.0,27177.4,28249.2,Early_Institutional,3,20759.5
2023-04-22,27817.5,27872.1,27169.6,27265.9,Early_Institutional,3,13125.7
2023-04-23,27591.4,27820.2,27400.3,27816.1,Early_Institutional,3,12785.4
2023-04-24,27525.3,27980.0,27070.8,27591.7,Early_Institutional,3,17703.3
2023-04-25,28307.6,28371.1,27207.9,27514.9,Early_Institutional,3,17733.4
2023-04-26,28422.7,29995.8,27324.5,28300.1,Early_Institutional,3,31854.2
2023-04-27,29473.8,29871.5,28402.9,28428.5,Early_Institutional,3,27153.4
2023-04-28,29340.3,29572.8,28929.6,29481.0,Early_Institutional,3,17544.5
2023-04-29,29248.5,29452.5,29088.0,29336.6,Early_Institutional,3,10662.6
2023-04-30,29268.8,29952.0,29114.0,29245.5,Early_Institutional,3,14652.2
2023-05-01,28091.6,29329.9,27680.8,29227.1,Early_Institutional,3,18655.6
2023-05-02,28680.5,28881.3,27924.1,28087.2,Early_Institutional,3,16432.9
2023-05-03,29006.3,29259.5,28178.4,28680.5,Early_Institutional,3,19123.0
2023-05-04,28847.7,29353.2,28694.0,29031.3,Early_Institutional,3,15548.7
2023-05-05,29534.4,29668.9,28845.5,28851.5,Early_Institutional,3,17936.6
2023-05-06,28904.6,29820.1,28469.0,29538.9,Early_Institutional,3,15913.9
2023-05-07,28455.0,29157.5,28441.4,28901.6,Early_Institutional,3,11301.4
2023-05-08,27694.3,28663.3,27310.1,28450.5,Early_Institutional,3,19122.9
2023-05-09,27658.8,27821.4,27375.6,27695.1,Early_Institutional,3,14128.6
2023-05-10,27621.8,28322.7,26883.7,27654.6,Early_Institutional,3,20656.0
2023-05-11,27000.8,27621.9,26781.8,27621.1,Early_Institutional,3,16724.3
2023-05-12,26805.0,27055.6,25878.4,26987.7,Early_Institutional,3,19313.6
2023-05-13,26784.1,27030.5,26710.9,26807.8,Early_Institutional,3,9999.2
2023-05-14,26930.6,27151.0,26661.4,26789.0,Early_Institutional,3,10014.9
2023-05-15,27192.7,27646.3,26766.1,26931.4,Early_Institutional,3,14413.2
2023-05-16,27036.7,27299.3,26878.9,27171.5,Early_Institutional,3,12732.2
2023-05-17,27398.8,27465.9,26600.1,27035.5,Early_Institutional,3,15140.0
2023-05-18,26832.2,27466.5,26415.1,27401.7,Early_Institutional,3,15222.9
2023-05-19,26890.1,27128.6,26700.2,26826.8,Early_Institutional,3,11259.0
2023-05-20,27129.6,27155.2,26843.3,26888.8,Early_Institutional,3,7044.9
2023-05-21,26753.8,27265.9,26706.9,27118.4,Early_Institutional,3,8647.4
2023-05-22,26851.3,27045.7,26549.7,26749.9,Early_Institutional,3,11056.8
2023-05-23,27225.7,27434.7,26816.2,26856.0,Early_Institutional,3,13697.2
2023-05-24,26334.8,27224.6,26106.6,27224.6,Early_Institutional,3,16299.1
2023-05-25,26476.2,26591.5,25890.6,26329.5,Early_Institutional,3,13851.1
2023-05-26,26719.3,26916.7,26343.9,26474.2,Early_Institutional,3,12711.6
2023-05-27,26868.4,26888.9,26621.1,26720.2,Early_Institutional,3,7892.0
2023-05-28,28085.6,28193.4,26802.8,26871.2,Early_Institutional,3,14545.2
2023-05-29,27745.9,28432.0,27563.9,28075.6,Early_Institutional,3,15181.3
2023-05-30,27702.3,28044.8,27588.5,27745.1,Early_Institutional,3,13251.1
2023-05-31,27219.7,27831.7,26866.5,27700.5,Early_Institutional,3,15656.4
2023-06-01,26820.0,27346.1,26671.7,27218.4,Early_Institutional,3,14679.0
2023-06-02,27249.6,27303.9,26574.6,26824.6,Early_Institutional,3,14837.4
2023-06-03,27075.1,27317.1,26958.0,27252.3,Early_Institutional,3,8385.6
2023-06-04,27119.1,27407.0,26968.2,27075.1,Early_Institutional,3,9360.9
2023-06-05,25760.1,27130.0,25445.2,27123.1,Early_Institutional,3,21513.3
2023-06-06,27238.8,27313.8,25434.9,25732.1,Early_Institutional,3,21929.7
2023-06-07,26346.0,27332.2,26147.0,27235.7,Early_Institutional,3,19530.0
2023-06-08,26508.2,26797.5,26246.7,26347.7,Early_Institutional,3,11904.8
2023-06-09,26480.4,26770.3,26339.3,26505.9,Early_Institutional,3,11015.6
2023-06-10,25851.2,26531.0,25501.8,26481.8,Early_Institutional,3,19872.9
2023-06-11,25940.2,26203.4,25669.0,25854.0,Early_Institutional,3,10732.6
2023-06-12,25902.5,26087.9,25675.2,25934.3,Early_Institutional,3,11677.9
2023-06-13,25918.7,26376.4,25728.4,25902.9,Early_Institutional,3,14143.5
2023-06-14,25124.7,26041.8,24902.2,25920.3,Early_Institutional,3,14265.7
2023-06-15,25576.4,25735.3,24797.2,25121.7,Early_Institutional,3,15837.4
2023-06-16,26327.5,26463.2,25245.4,25575.3,Early_Institutional,3,16324.6
2023-06-17,26510.7,26769.4,26174.5,26328.7,Early_Institutional,3,11090.3
2023-06-18,26336.2,26675.9,26325.9,26510.5,Early_Institutional,3,9565.7
2023-06-19,26851.0,26984.6,26312.8,26335.4,Early_Institutional,3,12827.0
2023-06-20,28327.5,28389.0,26668.8,26841.7,Early_Institutional,3,22211.9
2023-06-21,30027.3,30737.3,28283.4,28311.3,Early_Institutional,3,33346.8
2023-06-22,29912.3,30496.0,29679.2,29995.9,Early_Institutional,3,20653.2
2023-06-23,30695.5,31389.5,29845.2,29896.4,Early_Institutional,3,24115.6
2023-06-24,30548.7,30804.1,30290.1,30708.7,Early_Institutional,3,12147.8
2023-06-25,30480.3,31041.3,30327.9,30545.2,Early_Institutional,3,12703.5
2023-06-26,30271.1,30636.0,29955.7,30480.5,Early_Institutional,3,16493.2
2023-06-27,30688.2,31006.8,30236.7,30274.3,Early_Institutional,3,16428.8
2023-06-28,30086.2,30703.3,29921.8,30696.6,Early_Institutional,3,14571.5
2023-06-29,30445.4,30796.2,30057.2,30086.2,Early_Institutional,3,13180.9
2023-06-30,30477.3,31256.9,29600.3,30441.4,Early_Institutional,3,26387.3
2023-07-01,30590.1,30641.3,30328.9,30471.8,Early_Institutional,3,9086.6
2023-07-02,30620.8,30766.1,30264.0,30587.3,Early_Institutional,3,10533.4
2023-07-03,31156.4,31375.6,30586.5,30624.5,Early_Institutional,3,15271.9
2023-07-04,30777.6,31325.2,30659.4,31156.9,Early_Institutional,3,12810.8
2023-07-05,30514.2,30877.3,30225.6,30778.7,Early_Institutional,3,12481.6
2023-07-06,29909.3,31460.1,29892.2,30507.2,Early_Institutional,3,21129.2
2023-07-07,30342.3,30434.6,29777.3,29908.0,Early_Institutional,3,13384.8
2023-07-08,30292.5,30374.4,30080.2,30346.9,Early_Institutional,3,7509.4
2023-07-09,30171.2,30427.6,30085.6,30291.6,Early_Institutional,3,7903.3
2023-07-10,30414.5,31026.1,29985.4,30172.4,Early_Institutional,3,14828.2
2023-07-11,30621.0,30788.3,30358.1,30417.6,Early_Institutional,3,12151.8
2023-07-12,30391.6,30960.0,30228.8,30622.2,Early_Institutional,3,14805.7
2023-07-13,31476.0,31814.5,30268.4,30387.5,Early_Institutional,3,23686.1
2023-07-14,30334.1,31582.3,29966.4,31474.7,Early_Institutional,3,20917.9
2023-07-15,30295.8,30407.8,30263.5,30331.8,Early_Institutional,3,8011.7
2023-07-16,30249.1,30437.6,30089.7,30297.5,Early_Institutional,3,8516.6
2023-07-17,30145.9,30336.4,29685.8,30249.6,Early_Institutional,3,13240.2
2023-07-18,29856.6,30233.7,29556.4,30147.1,Early_Institutional,3,13138.9
2023-07-19,29913.9,30184.2,29794.3,29862.0,Early_Institutional,3,12128.6
2023-07-20,29792.0,30195.5,29638.1,29915.2,Early_Institutional,3,14655.2
2023-07-21,29908.7,30046.0,29733.9,29805.1,Early_Institutional,3,10972.8
2023-07-22,29771.8,29991.6,29664.1,29908.7,Early_Institutional,3,7873.3
2023-07-23,30084.5,30330.6,29741.5,29790.1,Early_Institutional,3,9220.1
2023-07-24,29176.9,30093.4,28934.3,30081.7,Early_Institutional,3,15395.8
2023-07-25,29227.4,29353.2,29062.4,29179.0,Early_Institutional,3,10266.8
2023-07-26,29355.0,29675.6,29113.9,29225.8,Early_Institutional,3,13497.6
2023-07-27,29210.7,29561.0,29099.4,29353.8,Early_Institutional,3,10770.8
2023-07-28,29319.2,29521.5,29125.8,29212.2,Early_Institutional,3,11218.5
2023-07-29,29356.9,29396.8,29264.2,29319.4,Early_Institutional,3,6481.8
2023-07-30,29275.3,29443.2,29059.5,29357.1,Early_Institutional,3,8678.5
2023-07-31,29230.1,29489.9,29131.6,29278.3,Early_Institutional,3,11656.8
2023-08-01,29675.7,29675.7,28657.0,29230.9,Early_Institutional,3,18272.4
2023-08-02,29152.0,29988.0,28946.5,29704.1,Early_Institutional,3,19212.7
2023-08-03,29178.7,29375.7,28959.5,29161.8,Early_Institutional,3,12780.4
2023-08-04,29074.1,29302.1,28885.3,29174.4,Early_Institutional,3,12036.6
2023-08-05,29042.1,29102.5,28957.8,29075.4,Early_Institutional,3,6598.4
2023-08-06,29041.9,29160.8,28963.8,29043.7,Early_Institutional,3,7269.8
2023-08-07,29180.6,29244.3,28724.1,29038.5,Early_Institutional,3,13618.2
2023-08-08,29765.5,30176.8,29113.8,29180.0,Early_Institutional,3,17570.6
2023-08-09,29561.5,30093.4,29376.8,29766.7,Early_Institutional,3,18379.5
2023-08-10,29429.6,29688.6,29354.4,29564.0,Early_Institutional,3,11865.3
2023-08-11,29397.7,29517.8,29253.5,29424.9,Early_Institutional,3,10195.2
2023-08-12,29416.0,29465.1,29357.6,29399.8,Early_Institutional,3,6194.4
2023-08-13,29282.9,29441.4,29265.8,29416.6,Early_Institutional,3,7329.9
2023-08-14,29408.4,29660.3,29124.1,29283.3,Early_Institutional,3,14013.7
2023-08-15,29170.3,29439.1,29088.9,29408.0,Early_Institutional,3,12640.2
2023-08-16,28701.8,29222.0,28701.8,29169.1,Early_Institutional,3,14949.3
2023-08-17,26664.6,28745.9,25409.1,28699.8,Early_Institutional,3,31120.9
2023-08-18,26049.6,26808.2,25668.9,26636.1,Early_Institutional,3,24026.2
2023-08-19,26096.2,26249.4,25802.4,26047.8,Early_Institutional,3,10631.4
2023-08-20,26189.6,26260.7,26004.3,26096.9,Early_Institutional,3,9036.6
2023-08-21,26124.1,26220.2,25846.1,26188.7,Early_Institutional,3,13371.6
2023-08-22,26031.7,26135.5,25520.7,26130.7,Early_Institutional,3,14503.8
2023-08-23,26431.6,26786.9,25805.0,26040.5,Early_Institutional,3,16985.3
2023-08-24,26162.4,26554.9,25914.9,26431.5,Early_Institutional,3,12871.5
2023-08-25,26047.7,26248.1,25786.8,26163.7,Early_Institutional,3,12406.0
2023-08-26,26008.5,26107.4,25983.9,26047.2,Early_Institutional,3,6034.8
2023-08-27,26089.7,26165.4,25965.1,26008.2,Early_Institutional,3,6913.8
2023-08-28,26106.2,26198.6,25880.6,26089.6,Early_Institutional,3,11002.8
2023-08-29,27727.4,28089.3,25912.6,26102.5,Early_Institutional,3,29368.4
2023-08-30,27297.3,27760.2,27069.2,27726.1,Early_Institutional,3,16343.7
2023-08-31,25931.5,27456.1,25752.9,27301.9,Early_Institutional,3,20181.0
2023-09-01,25800.7,26125.9,25362.6,25934.0,Early_Institutional,3,17202.9
2023-09-02,25868.8,25970.3,25753.1,25800.9,Early_Institutional,3,10100.4
2023-09-03,25969.6,26087.1,25817.0,25869.5,Early_Institutional,3,8962.5
2023-09-04,25812.4,26081.5,25657.0,25968.2,Early_Institutional,3,10680.6
2023-09-05,25780.0,25858.4,25590.0,25815.0,Early_Institutional,3,11094.7
2023-09-06,25753.2,25953.0,25404.4,25783.9,Early_Institutional,3,12752.7
2023-09-07,26240.2,26409.3,25608.2,25748.3,Early_Institutional,3,11088.3
2023-09-08,25905.7,26414.0,25677.5,26245.2,Early_Institutional,3,10817.4
2023-09-09,25895.7,25922.0,25810.5,25905.4,Early_Institutional,3,5481.3
2023-09-10,25832.2,25978.1,25640.3,25895.2,Early_Institutional,3,7899.6
2023-09-11,25162.7,25883.9,24930.3,25831.7,Early_Institutional,3,14600.0
2023-09-12,25833.3,26451.9,25133.1,25160.7,Early_Institutional,3,18657.3
2023-09-13,26228.3,26376.1,25781.1,25837.6,Early_Institutional,3,13072.1
2023-09-14,26539.7,26774.6,26171.5,26228.3,Early_Institutional,3,13811.4
2023-09-15,26608.7,26840.5,26240.7,26533.8,Early_Institutional,3,11479.7
2023-09-16,26568.3,26754.8,26473.9,26606.2,Early_Institutional,3,7402.0
2023-09-17,26534.2,26618.0,26445.1,26567.9,Early_Institutional,3,6774.2
2023-09-18,26754.3,27414.7,26415.5,26533.0,Early_Institutional,3,15615.3
2023-09-19,27211.1,27488.8,26681.6,26760.9,Early_Institutional,3,13807.7
2023-09-20,27132.0,27379.5,26864.1,27210.2,Early_Institutional,3,13281.1
2023-09-21,26567.6,27152.9,26389.3,27129.8,Early_Institutional,3,13371.4
2023-09-22,26579.6,26726.1,26495.5,26564.1,Early_Institutional,3,10578.7
2023-09-23,26579.4,26634.2,26520.5,26578.6,Early_Institutional,3,7404.7
2023-09-24,26256.8,26716.1,26221.1,26579.4,Early_Institutional,3,8192.9
2023-09-25,26298.5,26421.5,26011.5,26253.8,Early_Institutional,3,11997.8
2023-09-26,26217.2,26389.9,26090.7,26294.8,Early_Institutional,3,9985.5
2023-09-27,26352.7,26817.8,26111.5,26209.5,Early_Institutional,3,11718.4
2023-09-28,27021.5,27259.5,26327.3,26355.8,Early_Institutional,3,14079.0
2023-09-29,26911.7,27225.9,26721.8,27024.8,Early_Institutional,3,10396.4
2023-09-30,26967.9,27091.8,26889.0,26911.7,Early_Institutional,3,5331.2
2023-10-01,27983.8,28047.2,26965.1,26967.4,Early_Institutional,3,9503.9
2023-10-02,27530.8,28494.5,27347.8,27976.8,Early_Institutional,3,19793.0
2023-10-03,27430.0,27667.2,27216.0,27508.3,Early_Institutional,3,11407.8
2023-10-04,27799.4,27826.7,27248.1,27429.1,Early_Institutional,3,11143.4
2023-10-05,27415.9,28091.9,27375.6,27798.6,Early_Institutional,3,11877.3
2023-10-06,27946.6,28252.5,27215.6,27412.1,Early_Institutional,3,13492.4
2023-10-07,27968.8,28028.1,27870.4,27946.8,Early_Institutional,3,6553.0
2023-10-08,27935.1,28102.2,27740.7,27971.7,Early_Institutional,3,7916.9
2023-10-09,27583.7,27989.5,27302.6,27934.5,Early_Institutional,3,12007.7
2023-10-10,27391.0,27715.8,27301.7,27589.2,Early_Institutional,3,9973.4
2023-10-11,26873.3,27474.1,26561.1,27392.1,Early_Institutional,3,13648.1
2023-10-12,26756.8,26921.4,26558.3,26873.3,Early_Institutional,3,9392.9
2023-10-13,26862.4,27092.7,26686.3,26752.9,Early_Institutional,3,15165.3
2023-10-14,26861.7,26969.0,26814.6,26866.2,Early_Institutional,3,5388.1
2023-10-15,27159.7,27289.2,26817.9,26858.0,Early_Institutional,3,7098.2
2023-10-16,28519.5,29448.1,27130.5,27162.6,Early_Institutional,3,27833.9
2023-10-17,28415.7,28618.8,28110.2,28522.1,Early_Institutional,3,14872.5
2023-10-18,28328.3,28889.0,28174.3,28413.5,Early_Institutional,3,12724.1
2023-10-19,28719.8,28892.5,28178.0,28332.4,Early_Institutional,3,14448.1
2023-10-20,29682.9,30104.1,28601.7,28732.8,Early_Institutional,3,21536.1
2023-10-21,29918.4,30287.5,29481.8,29683.4,Early_Institutional,3,11541.1
2023-10-22,29993.9,30199.4,29720.3,29918.7,Early_Institutional,3,10446.5
2023-10-23,33086.2,34370.4,30097.8,30140.7,Early_Institutional,3,38363.6
2023-10-24,33901.5,35150.4,32880.8,33077.3,Early_Institutional,3,44935.0
2023-10-25,34502.8,35133.8,33709.1,33916.0,Early_Institutional,3,25254.3
2023-10-26,34156.6,34832.9,33762.3,34504.3,Early_Institutional,3,19427.2
2023-10-27,33909.8,34238.2,33416.9,34156.5,Early_Institutional,3,16418.0
2023-10-28,34089.6,34399.4,33874.8,33907.7,Early_Institutional,3,10160.3
2023-10-29,34538.5,34743.3,33947.6,34089.4,Early_Institutional,3,11160.3
2023-10-30,34502.4,34843.9,34111.0,34531.7,Early_Institutional,3,17184.9
2023-10-31,34667.8,34719.3,34083.3,34500.1,Early_Institutional,3,15758.3
2023-11-01,35437.3,35527.9,34170.7,34657.3,Early_Institutional,3,22446.3
2023-11-02,34938.2,35919.8,34401.6,35441.6,Early_Institutional,3,20998.2
2023-11-03,34732.3,34942.5,34133.4,34942.5,Early_Institutional,3,17158.5
2023-11-04,35082.2,35256.0,34616.7,34736.3,Early_Institutional,3,9561.3
2023-11-05,35049.4,35340.3,34594.2,35090.0,Early_Institutional,3,12412.7
2023-11-06,35037.4,35286.0,34765.4,35044.8,Early_Institutional,3,12693.4
2023-11-07,35443.6,35892.4,34545.8,35047.8,Early_Institutional,3,18834.7
2023-11-08,35655.3,35994.4,35147.8,35419.5,Early_Institutional,3,17295.4
2023-11-09,36693.1,37926.3,35592.1,35633.6,Early_Institutional,3,37762.7
2023-11-10,37314.0,37493.8,36362.8,36702.2,Early_Institutional,3,22711.3
2023-11-11,37138.1,37407.1,36773.7,37310.1,Early_Institutional,3,13924.3
2023-11-12,37054.5,37227.7,36779.1,37134.0,Early_Institutional,3,11545.7
2023-11-13,36502.4,37405.1,36399.6,37070.3,Early_Institutional,3,19057.7
2023-11-14,35537.6,36753.4,34948.5,36491.8,Early_Institutional,3,23857.4
2023-11-15,37880.6,37964.9,35383.8,35548.1,Early_Institutional,3,27365.8
2023-11-16,36154.8,37934.6,35545.5,37880.0,Early_Institutional,3,26007.4
2023-11-17,36596.7,36704.5,35901.2,36164.8,Early_Institutional,3,22445.0
2023-11-18,36585.7,36839.3,36233.3,36625.4,Early_Institutional,3,11886.0
2023-11-19,37386.5,37509.4,36414.6,36585.8,Early_Institutional,3,12916.0
2023-11-20,37477.0,37756.8,36882.5,37374.1,Early_Institutional,3,20888.2
2023-11-21,35813.8,37631.1,35813.8,37469.2,Early_Institutional,3,25172.2
2023-11-22,37432.3,37857.0,35671.0,35756.6,Early_Institutional,3,24397.2
2023-11-23,37289.6,37643.9,36923.9,37420.4,Early_Institutional,3,14214.9
2023-11-24,37720.3,38415.3,37261.6,37296.3,Early_Institutional,3,22923.0
2023-11-25,37796.8,37892.4,37617.4,37721.4,Early_Institutional,3,9099.6
2023-11-26,37479.1,37820.3,37162.8,37796.8,Early_Institutional,3,13744.8
2023-11-27,37254.2,37559.4,36750.1,37454.2,Early_Institutional,3,19002.9
2023-11-28,37831.1,38368.5,36891.1,37248.0,Early_Institutional,3,21696.1
2023-11-29,37858.5,38366.1,37612.6,37826.1,Early_Institutional,3,20728.5
2023-11-30,37712.7,38141.8,37531.1,37861.1,Early_Institutional,3,18116.0
2023-12-01,38688.8,38954.1,37629.4,37718.0,Early_Institutional,3,23512.8
2023-12-02,39476.3,39678.9,38652.6,38689.3,Early_Institutional,3,15534.0
2023-12-03,39978.4,40135.6,39298.2,39472.2,Early_Institutional,3,15769.7
2023-12-04,41980.1,42371.8,39978.6,39978.6,Early_Institutional,3,39856.1
2023-12-05,44080.6,44408.7,41421.1,41986.3,Early_Institutional,3,36312.2
2023-12-06,43746.4,44265.8,43478.1,44080.0,Early_Institutional,3,29909.8
2023-12-07,43292.7,44042.6,42880.6,43769.1,Early_Institutional,3,27635.8
2023-12-08,44166.6,44705.5,43125.3,43293.1,Early_Institutional,3,24421.1
2023-12-09,43726.0,44361.3,43627.6,44180.0,Early_Institutional,3,17368.2
2023-12-10,43779.7,44034.6,43593.3,43728.4,Early_Institutional,3,13000.5
2023-12-11,41243.8,43808.4,40234.6,43792.0,Early_Institutional,3,40632.7
2023-12-12,41450.2,42048.3,40667.6,41238.7,Early_Institutional,3,24779.5
2023-12-13,42890.7,43429.8,40676.9,41468.5,Early_Institutional,3,26797.9
2023-12-14,43024.0,43390.9,41767.1,42884.3,Early_Institutional,3,25578.5
2023-12-15,41929.8,43087.8,41693.0,43028.2,Early_Institutional,3,19639.4
2023-12-16,42240.1,42664.9,41723.1,41937.7,Early_Institutional,3,14386.7
2023-12-17,41364.7,42359.5,41274.5,42236.1,Early_Institutional,3,16678.7
2023-12-18,42623.5,42720.3,40530.3,41348.2,Early_Institutional,3,25224.6
2023-12-19,42270.5,43354.3,41826.3,42641.5,Early_Institutional,3,23171.0
2023-12-20,43652.2,44275.6,42223.8,42261.3,Early_Institutional,3,27868.9
2023-12-21,43869.2,44240.7,43330.1,43648.1,Early_Institutional,3,22452.8
2023-12-22,43997.9,44368.0,43442.0,43869.0,Early_Institutional,3,21028.5
2023-12-23,43739.5,44015.7,43351.4,44012.2,Early_Institutional,3,13507.8
2023-12-24,43016.1,43945.5,42786.9,43728.4,Early_Institutional,3,18830.6
2023-12-25,43613.1,43765.1,42765.8,43010.6,Early_Institutional,3,21115.8
2023-12-26,42520.4,43603.2,41676.5,43599.8,Early_Institutional,3,30026.9
2023-12-27,43442.9,43683.2,42167.6,42518.5,Early_Institutional,3,25260.9
2023-12-28,42627.9,43804.8,42318.6,43468.2,Early_Institutional,3,22992.1
2023-12-29,42099.4,43124.3,41424.1,42614.6,Early_Institutional,3,26000.0
2023-12-30,42156.9,42584.1,41556.2,42091.8,Early_Institutional,3,16013.9
2023-12-31,42265.2,42860.9,41998.3,42152.1,Early_Institutional,3,16397.5
2024-01-01,44167.3,44175.4,42215.0,42280.2,Early_Institutional,3,18427.0
2024-01-02,44958.0,45899.7,44176.9,44187.1,Early_Institutional,3,39335.3
2024-01-03,42848.2,45503.2,40813.5,44961.6,Early_Institutional,3,46342.3
2024-01-04,44179.9,44770.0,42675.2,42855.8,Early_Institutional,3,30448.1
2024-01-05,44162.7,44353.3,42784.7,44193.0,Early_Institutional,3,32336.0
2024-01-06,43989.2,44227.6,43475.2,44179.0,Early_Institutional,3,16092.5
2024-01-07,43943.1,44495.6,43662.2,43998.5,Early_Institutional,3,19330.6
2024-01-08,46970.5,47218.0,43244.1,43948.7,Early_Institutional,3,42746.2
2024-01-09,46139.7,47893.7,45244.7,46987.6,Early_Institutional,3,39821.3
2024-01-10,46627.8,47647.2,44483.2,46121.5,Early_Institutional,3,50114.6
2024-01-11,46368.6,48969.4,45678.6,46656.1,ETF_Era,3,45833.7
2024-01-12,42853.2,46498.1,41903.8,46354.8,ETF_Era,3,43332.7
2024-01-13,42842.4,43234.7,42464.1,42799.4,ETF_Era,3,20601.9
2024-01-14,41796.3,43065.6,41724.6,42842.3,ETF_Era,3,17521.4
2024-01-15,42512.0,43319.7,41705.4,41715.1,ETF_Era,3,22320.2
2024-01-16,43154.9,43566.3,42086.0,42499.3,ETF_Era,3,24062.9
2024-01-17,42742.7,43189.9,42189.3,43132.1,ETF_Era,3,20851.2
2024-01-18,41262.1,42876.3,40631.2,42742.3,ETF_Era,3,25218.4
2024-01-19,41618.4,42134.2,40297.5,41278.5,ETF_Era,3,25752.4
2024-01-20,41665.6,41877.9,41446.8,41624.6,ETF_Era,3,11586.7
2024-01-21,41545.8,41855.4,41497.0,41671.5,ETF_Era,3,9344.0
2024-01-22,39507.4,41651.2,39450.1,41553.7,ETF_Era,3,31338.7
2024-01-23,39845.6,40127.4,38521.9,39518.7,ETF_Era,3,29244.6
2024-01-24,40077.1,40483.8,39508.8,39877.6,ETF_Era,3,22359.5
2024-01-25,39933.8,40254.5,39545.7,40075.6,ETF_Era,3,18491.8
2024-01-26,41816.9,42209.4,39825.7,39936.8,ETF_Era,3,25598.1
2024-01-27,42120.1,42195.6,41431.3,41815.6,ETF_Era,3,11422.9
2024-01-28,42035.6,42797.2,41696.9,42126.1,ETF_Era,3,16859.0
2024-01-29,43288.2,43305.9,41818.3,42030.9,ETF_Era,3,20668.5
2024-01-30,42952.6,43838.9,42711.4,43300.2,ETF_Era,3,23842.8
2024-01-31,42582.6,43717.4,42298.9,42946.2,ETF_Era,3,24673.6
2024-02-01,43075.8,43243.2,41879.2,42569.8,ETF_Era,3,21424.0
2024-02-02,43185.9,43422.5,42584.3,43077.6,ETF_Era,3,18603.8
2024-02-03,42992.2,43359.9,42890.8,43185.0,ETF_Era,3,11169.2
2024-02-04,42583.6,43097.6,42374.8,42994.9,ETF_Era,3,14802.2
2024-02-05,42658.7,43494.2,42264.8,42577.6,ETF_Era,3,18715.5
2024-02-06,43084.7,43344.1,42529.0,42657.4,ETF_Era,3,16798.5
2024-02-07,44318.2,44341.9,42776.0,43090.0,ETF_Era,3,21126.6
2024-02-08,45301.6,45575.8,44332.1,44332.1,ETF_Era,3,26154.5
2024-02-09,47147.2,48152.5,45260.8,45297.4,ETF_Era,3,39316.8
2024-02-10,47771.3,48146.2,46905.3,47153.5,ETF_Era,3,16398.7
2024-02-11,48293.9,48535.9,47617.4,47769.0,ETF_Era,3,19315.9
2024-02-12,49958.2,50280.5,47745.8,48296.4,ETF_Era,3,34512.0
2024-02-13,49742.4,50358.4,48406.5,49941.4,ETF_Era,3,35593.1
2024-02-14,51826.7,52021.4,49296.8,49733.4,ETF_Era,3,39105.6
2024-02-15,51938.6,52820.1,51371.6,51836.8,ETF_Era,3,38564.4
2024-02-16,52160.2,52538.0,51641.4,51937.7,ETF_Era,3,28180.6
2024-02-17,51663.0,52191.9,50669.7,52161.7,ETF_Era,3,20009.1
2024-02-18,52122.5,52357.0,51233.7,51662.0,ETF_Era,3,17595.4
2024-02-19,51779.1,52483.3,51711.8,52134.8,ETF_Era,3,21362.2
2024-02-20,52284.9,52945.1,50792.3,51777.7,ETF_Era,3,33353.8
2024-02-21,51839.2,52368.8,50671.8,52273.5,ETF_Era,3,28624.9
2024-02-22,51305.0,52009.6,50926.3,51854.6,ETF_Era,3,25413.9
2024-02-23,50731.9,51497.9,50561.8,51283.9,ETF_Era,3,21427.1
2024-02-24,51571.1,51684.2,50585.4,50736.4,ETF_Era,3,15174.1
2024-02-25,51733.2,51950.0,51306.2,51565.2,ETF_Era,3,15413.2
2024-02-26,54522.4,54938.2,50931.0,51730.5,ETF_Era,3,34074.4
2024-02-27,57085.4,57537.8,54484.2,54519.4,ETF_Era,3,49756.8
2024-02-28,62504.8,63913.1,56738.4,57071.1,ETF_Era,3,83239.2
2024-02-29,61198.4,63585.6,60498.7,62499.2,ETF_Era,3,65496.6
2024-03-01,62440.6,63155.1,60802.5,61168.1,ETF_Era,3,40186.4
2024-03-02,62029.8,62458.7,61657.3,62431.7,ETF_Era,3,23888.5
2024-03-03,63167.4,63230.2,61435.0,62031.6,ETF_Era,3,26253.8
2024-03-04,68330.4,68537.0,62386.5,63137.0,ETF_Era,3,70670.5
2024-03-05,63801.2,69170.6,59323.9,68341.1,ETF_Era,3,102802.9
2024-03-06,66106.8,67637.9,62848.7,63776.1,ETF_Era,3,68750.2
2024-03-07,66925.5,68029.9,65655.5,66099.7,ETF_Era,3,46989.5
2024-03-08,68300.1,70083.1,66230.5,66938.1,ETF_Era,3,59202.9
2024-03-09,68498.9,68673.1,68053.1,68299.3,ETF_Era,3,21609.7
2024-03-10,69019.8,70005.2,68240.0,68500.3,ETF_Era,3,35684.0
2024-03-11,72123.9,72850.7,67194.9,69020.5,ETF_Era,3,65716.7
2024-03-12,71481.3,72825.7,68728.9,72125.1,ETF_Era,3,62554.4
2024-03-13,73083.5,73637.5,71334.1,71482.1,ETF_Era,3,48212.5
2024-03-14,71396.6,73750.1,68563.0,73079.4,ETF_Era,3,59594.6
2024-03-15,69403.8,72357.1,65630.7,71387.9,ETF_Era,3,78320.5
2024-03-16,65315.1,70046.3,64801.4,69392.5,ETF_Era,3,46842.2
2024-03-17,68390.6,68845.7,64545.3,65316.3,ETF_Era,3,44716.9
2024-03-18,67548.6,68897.1,66594.2,68371.3,ETF_Era,3,49261.6
2024-03-19,61912.8,68106.9,61536.2,67556.1,ETF_Era,3,74215.8
2024-03-20,67913.7,68115.3,60807.8,61930.2,ETF_Era,3,66792.6
2024-03-21,65491.4,68200.0,64580.9,67911.6,ETF_Era,3,44480.4
2024-03-22,63778.8,66623.8,62355.4,65489.9,ETF_Era,3,41401.1
2024-03-23,64062.2,65976.4,63038.5,63802.7,ETF_Era,3,24739.0
2024-03-24,67234.2,67622.8,63825.9,64070.8,ETF_Era,3,27206.6
2024-03-25,69958.8,71162.6,66414.8,67234.1,ETF_Era,3,42700.1
2024-03-26,69987.8,71535.7,69335.6,69931.3,ETF_Era,3,36010.4
2024-03-27,69455.3,71727.7,68381.9,69991.9,ETF_Era,3,40827.1
2024-03-28,70745.0,71546.0,68895.5,69452.8,ETF_Era,3,34374.9
2024-03-29,69892.8,70913.1,69076.7,70744.8,ETF_Era,3,25230.9
2024-03-30,69645.3,70355.5,69601.1,69893.4,ETF_Era,3,17130.2
2024-03-31,71333.6,71377.8,69624.9,69647.8,ETF_Era,3,20050.9
2024-04-01,69702.1,71342.1,68110.7,71333.5,ETF_Era,3,34873.5
2024-04-02,65447.0,69708.4,64586.6,69705.0,ETF_Era,3,50705.2
2024-04-03,65980.8,66914.3,64559.9,65446.7,ETF_Era,3,34488.0
2024-04-04,68508.8,69291.3,65113.8,65975.7,ETF_Era,3,34439.5
2024-04-05,67837.6,68725.8,66011.5,68515.8,ETF_Era,3,33748.2
2024-04-06,68896.1,69629.6,67491.7,67840.6,ETF_Era,3,19967.8
2024-04-07,69362.6,70284.4,68851.6,68897.1,ETF_Era,3,21204.9
2024-04-08,71631.4,72715.4,69064.2,69362.6,ETF_Era,3,37261.4
2024-04-09,69139.0,71742.5,68212.9,71632.5,ETF_Era,3,36426.9
2024-04-10,70587.9,71093.4,67503.6,69140.2,ETF_Era,3,38318.6
2024-04-11,70060.6,71256.2,69571.8,70575.7,ETF_Era,3,30153.4
2024-04-12,67195.9,71222.7,65254.8,70061.4,ETF_Era,3,44129.3
2024-04-13,63821.5,67931.4,60919.1,67188.4,ETF_Era,3,52869.7
2024-04-14,65738.7,65824.4,62205.9,63836.2,ETF_Era,3,49084.3
2024-04-15,63426.2,66878.6,62332.1,65739.6,ETF_Era,3,43595.9
2024-04-16,63811.9,64355.7,61716.4,63419.3,ETF_Era,3,42847.5
2024-04-17,61276.7,64486.4,59768.6,63831.8,ETF_Era,3,41915.2
2024-04-18,63512.8,64125.7,60833.5,61275.3,ETF_Era,3,36006.3
2024-04-19,63843.6,65481.6,59651.4,63510.8,ETF_Era,4,49920.4
2024-04-20,64994.4,65442.5,63172.4,63851.1,ETF_Era,4,23097.5
2024-04-21,64926.6,65723.2,64277.7,64992.8,ETF_Era,4,20506.6
2024-04-22,66837.7,67234.0,64548.2,64935.6,ETF_Era,4,28282.7
2024-04-23,66407.3,67199.2,65864.9,66839.9,ETF_Era,4,24311.0
2024-04-24,64276.9,67075.4,63589.9,66408.7,ETF_Era,4,30276.7
2024-04-25,64481.7,65275.2,62783.6,64275.0,ETF_Era,4,32155.8
2024-04-26,63755.3,64789.7,63322.4,64485.4,ETF_Era,4,24139.4
2024-04-27,63419.1,63898.4,62424.7,63751.0,ETF_Era,4,19530.8
2024-04-28,63113.2,64321.5,62793.6,63423.5,ETF_Era,4,17334.8
2024-04-29,63841.1,64174.9,61795.5,63106.4,ETF_Era,4,26635.9
2024-04-30,60636.9,64703.3,59120.1,63839.4,ETF_Era,4,37840.8
2024-05-01,58254.0,60780.5,56555.3,60609.5,ETF_Era,4,48439.8
2024-05-02,59123.4,59602.3,56937.2,58253.7,ETF_Era,4,32711.8
2024-05-03,62889.8,63320.5,58848.3,59122.3,ETF_Era,4,33172.0
2024-05-04,63891.5,64495.0,62599.4,62891.0,ETF_Era,4,20620.5
2024-05-05,64031.1,64610.9,62955.3,63892.5,ETF_Era,4,18296.2
2024-05-06,63161.9,65494.9,62746.2,64038.3,ETF_Era,4,28697.9
2024-05-07,62334.8,64390.5,62286.0,63162.8,ETF_Era,4,25930.7
2024-05-08,61187.9,62986.1,60877.1,62332.6,ETF_Era,4,26088.2
2024-05-09,63050.0,63404.9,60648.1,61191.2,ETF_Era,4,25453.3
2024-05-10,60792.8,63446.7,60208.8,63055.2,ETF_Era,4,27805.0
2024-05-11,60793.7,61451.2,60492.6,60793.4,ETF_Era,4,13842.3
2024-05-12,61448.4,61818.2,60632.6,60793.5,ETF_Era,4,13800.5
2024-05-13,62901.4,63422.7,60769.8,61451.2,ETF_Era,4,27889.2
2024-05-14,61552.8,63092.1,61123.8,62900.8,ETF_Era,4,28186.3
2024-05-15,66267.5,66454.5,61330.4,61554.0,ETF_Era,4,39815.2
2024-05-16,65231.6,66712.4,64613.1,66256.1,ETF_Era,4,31573.1
2024-05-17,67051.9,67459.5,65119.3,65231.3,ETF_Era,4,28031.3
2024-05-18,66940.8,67387.3,66663.5,67066.2,ETF_Era,4,16712.3
2024-05-19,66278.4,67694.3,65937.2,66937.9,ETF_Era,4,19249.1
2024-05-20,71448.2,71483.6,66086.2,66278.7,ETF_Era,4,43850.7
2024-05-21,70136.5,71946.5,69191.1,71443.1,ETF_Era,4,46932.0
2024-05-22,69122.3,70623.7,68977.7,70135.3,ETF_Era,4,32802.6
2024-05-23,67929.6,70041.3,66357.0,69121.3,ETF_Era,4,41895.7
2024-05-24,68526.1,69220.3,66622.7,67928.1,ETF_Era,4,29197.3
2024-05-25,69265.9,69579.3,68515.8,68526.9,ETF_Era,4,15473.1
2024-05-26,68518.1,69506.2,68183.9,69264.3,ETF_Era,4,15628.4
2024-05-27,69394.6,70597.9,68232.5,68512.2,ETF_Era,4,25871.0
2024-05-28,68296.2,69514.6,67227.2,69392.2,ETF_Era,4,32722.3
2024-05-29,67578.1,68852.5,67101.5,68296.4,ETF_Era,4,26707.1
2024-05-30,68365.0,69500.5,67118.1,67576.1,ETF_Era,4,29509.7
2024-05-31,67491.4,68999.6,66633.4,68362.5,ETF_Era,4,27387.3
2024-06-01,67706.9,67839.8,67386.2,67489.6,ETF_Era,4,11641.5
2024-06-02,67751.6,68409.2,67315.5,67710.3,ETF_Era,4,17110.6
2024-06-03,68804.8,70230.8,67589.8,67753.9,ETF_Era,4,32401.3
2024-06-04,70567.8,71047.4,68564.6,68804.6,ETF_Era,4,33149.7
2024-06-05,71082.8,71735.4,70390.7,70568.4,ETF_Era,4,32810.8
2024-06-06,70757.2,71625.7,70119.1,71082.8,ETF_Era,4,25223.2
2024-06-07,69342.6,71907.9,68507.3,70759.2,ETF_Era,4,36188.4
2024-06-08,69305.8,69533.3,69210.7,69324.2,ETF_Era,4,14262.2
2024-06-09,69648.0,69817.5,69160.8,69297.5,ETF_Era,4,13534.0
2024-06-10,69512.3,70146.1,69232.4,69644.3,ETF_Era,4,20597.7
2024-06-11,67332.0,69549.4,66123.6,69508.1,ETF_Era,4,37116.1
2024-06-12,68241.2,69977.9,66902.5,67321.4,ETF_Era,4,34497.9
2024-06-13,66756.4,68365.8,66304.6,68243.1,ETF_Era,4,28955.2
2024-06-14,66011.1,67294.6,65056.9,66747.6,ETF_Era,4,27403.9
2024-06-15,66191.0,66402.2,65871.8,66006.7,ETF_Era,4,14121.3
2024-06-16,66639.0,66894.8,66018.2,66189.4,ETF_Era,4,13281.1
2024-06-17,66490.3,67188.3,65095.0,66636.5,ETF_Era,4,30006.4
2024-06-18,65140.7,66556.7,64067.0,66491.0,ETF_Era,4,39481.3
2024-06-19,64960.3,65695.4,64693.3,65146.7,ETF_Era,4,21103.4
2024-06-20,64828.7,66439.0,64547.8,64960.3,ETF_Era,4,25641.1
2024-06-21,64096.2,65007.5,63378.9,64838.0,ETF_Era,4,26188.2
2024-06-22,64252.6,64475.5,63929.8,64113.9,ETF_Era,4,9858.2
2024-06-23,63180.8,64491.7,63180.8,64249.0,ETF_Era,4,11170.5
2024-06-24,60277.4,63292.5,58601.7,63173.4,ETF_Era,4,43152.1
2024-06-25,61804.6,62258.3,60239.8,60266.3,ETF_Era,4,29201.2
2024-06-26,60811.3,62434.1,60695.2,61789.7,ETF_Era,4,22506.0
2024-06-27,61604.8,62293.9,60585.3,60811.2,ETF_Era,4,21231.7
2024-06-28,60320.1,62126.1,59985.4,61612.8,ETF_Era,4,24952.9
2024-06-29,60887.4,61097.6,60301.0,60319.9,ETF_Era,4,12652.9
2024-06-30,62678.3,62892.8,60632.9,60888.4,ETF_Era,4,17333.2
2024-07-01,62852.0,63777.2,62495.5,62673.6,ETF_Era,4,25468.4
2024-07-02,62029.0,63203.4,61752.7,62844.4,ETF_Era,4,20151.6
2024-07-03,60173.9,62187.7,59419.4,62034.3,ETF_Era,4,29756.7
2024-07-04,56977.7,60399.7,56777.8,60147.1,ETF_Era,4,41149.6
2024-07-05,56662.4,57497.2,53717.4,57022.8,ETF_Era,4,55417.5
2024-07-06,58303.5,58472.5,56039.0,56659.1,ETF_Era,4,20610.3
2024-07-07,55849.1,58371.1,55793.3,58239.4,ETF_Era,4,20553.4
2024-07-08,56705.1,58131.3,54321.0,55849.6,ETF_Era,4,39766.2
2024-07-09,58009.2,58239.2,56316.9,56704.6,ETF_Era,4,27849.5
2024-07-10,57742.5,59359.4,57178.4,58033.9,ETF_Era,4,26175.3
2024-07-11,57344.9,59299.4,57120.4,57729.9,ETF_Era,4,28707.8
2024-07-12,57899.5,58532.6,56590.2,57341.2,ETF_Era,4,25604.8
2024-07-13,59232.0,59787.1,57796.4,57908.7,ETF_Era,4,17080.1
2024-07-14,60787.8,61329.5,59225.2,59225.2,ETF_Era,4,22223.4
2024-07-15,64870.2,64870.2,60704.9,60815.5,ETF_Era,4,38094.5
2024-07-16,65097.1,65354.3,62488.0,64784.4,ETF_Era,4,41617.3
2024-07-17,64118.8,66066.7,63896.1,65091.8,ETF_Era,4,32525.1
2024-07-18,63974.1,65104.7,63246.2,64104.7,ETF_Era,4,27239.3
2024-07-19,66710.2,67442.6,63329.3,63972.3,ETF_Era,4,37003.9
2024-07-20,67163.6,67610.7,66299.6,66709.9,ETF_Era,4,19029.6
2024-07-21,68154.5,68372.9,65842.3,67164.9,ETF_Era,4,26652.2
2024-07-22,67585.2,68480.1,66611.3,68153.0,ETF_Era,4,42649.1
2024-07-23,65927.7,67779.0,65484.5,67584.8,ETF_Era,4,35605.7
2024-07-24,65372.1,67114.0,65147.0,65927.9,ETF_Era,4,27470.9
2024-07-25,65777.2,66112.4,63473.5,65375.9,ETF_Era,4,38315.8
2024-07-26,67912.1,68207.6,65743.8,65771.8,ETF_Era,4,30488.6
2024-07-27,67813.3,69398.5,66705.2,67911.8,ETF_Era,4,34691.9
2024-07-28,68255.9,68301.9,67085.8,67808.7,ETF_Era,4,18043.2
2024-07-29,66819.9,69987.5,66532.6,68259.1,ETF_Era,4,40780.7
2024-07-30,66201.0,66987.7,65323.2,66819.1,ETF_Era,4,31380.5
2024-07-31,64619.2,66810.2,64532.0,66201.3,ETF_Era,4,31292.8
2024-08-01,65357.5,65593.2,62248.9,64625.8,ETF_Era,4,40975.6
2024-08-02,61415.1,65523.2,61184.9,65353.5,ETF_Era,4,43060.9
2024-08-03,60680.1,62148.4,59836.5,61414.8,ETF_Era,4,31753.0
2024-08-04,58117.0,61063.0,57210.8,60676.1,ETF_Era,4,31758.9
2024-08-05,53991.5,58268.8,49121.2,58110.3,ETF_Era,4,108991.1
2024-08-06,56034.3,57059.9,53973.3,53991.3,ETF_Era,4,49300.5
2024-08-07,55027.5,57726.9,54620.5,56040.6,ETF_Era,4,41637.6
2024-08-08,61710.1,62673.8,54766.7,55030.0,ETF_Era,4,45298.5
2024-08-09,60880.1,61751.9,59587.9,61728.2,ETF_Era,4,33425.6
2024-08-10,60945.8,61464.5,60287.6,60881.2,ETF_Era,4,15745.8
2024-08-11,58719.5,61778.7,58348.8,60944.9,ETF_Era,4,22759.8
2024-08-12,59354.5,60680.3,57688.9,58719.4,ETF_Era,4,37078.6
2024-08-13,60609.6,61572.4,58506.3,59356.2,ETF_Era,4,30327.7
2024-08-14,58737.3,61687.8,58472.9,60611.1,ETF_Era,4,29961.7
2024-08-15,57560.1,59838.6,56161.6,58733.3,ETF_Era,4,35682.1
2024-08-16,58894.1,59847.4,57110.0,57560.3,ETF_Era,4,29350.9
2024-08-17,59479.0,59694.7,58814.8,58893.5,ETF_Era,4,13589.7
2024-08-18,58484.0,60262.7,58445.4,59468.1,ETF_Era,4,17740.6
2024-08-19,59493.5,59612.7,57864.7,58480.7,ETF_Era,4,25911.2
2024-08-20,59012.8,61396.3,58610.9,59493.5,ETF_Era,4,31613.4
2024-08-21,61175.2,61834.4,58823.4,59015.0,ETF_Era,4,32731.2
2024-08-22,60381.9,61408.1,59815.3,61168.3,ETF_Era,4,27625.7
2024-08-23,64094.4,64947.1,60372.1,60381.0,ETF_Era,4,42530.5
2024-08-24,64179.0,64513.8,63619.9,64103.9,ETF_Era,4,21430.6
2024-08-25,64333.5,64996.4,63833.5,64176.4,ETF_Era,4,18827.7
2024-08-26,62880.7,64489.7,62849.6,64342.2,ETF_Era,4,27682.0
2024-08-27,59504.1,63210.8,58116.8,62879.7,ETF_Era,4,39103.9
2024-08-28,59027.6,60236.4,57890.7,59507.9,ETF_Era,4,40289.6
2024-08-29,59388.2,61184.1,58786.2,59027.5,ETF_Era,4,32225.0
2024-08-30,59119.5,59896.9,57768.5,59388.6,ETF_Era,4,32292.8
2024-08-31,58969.9,59432.6,58768.8,59117.5,ETF_Era,4,12403.5
2024-09-01,57325.5,59062.1,57217.8,58969.8,ETF_Era,4,24592.4
2024-09-02,59112.5,59403.1,57136.0,57327.0,ETF_Era,4,27036.5
2024-09-03,57431.0,59815.1,57425.2,59106.2,ETF_Era,4,26667.0
2024-09-04,57971.5,58511.6,55673.2,57430.3,ETF_Era,4,35627.7
2024-09-05,56160.5,58300.6,55712.5,57971.7,ETF_Era,4,31030.3
2024-09-06,53948.8,56976.1,52598.7,56160.2,ETF_Era,4,49361.7
2024-09-07,54139.7,54838.1,53740.1,53949.1,ETF_Era,4,19061.5
2024-09-08,54841.6,55300.9,53653.8,54147.9,ETF_Era,4,18268.3
2024-09-09,57019.5,58041.1,54598.4,54851.9,ETF_Era,4,34618.1
2024-09-10,57648.7,58030.0,56419.4,57020.1,ETF_Era,4,28857.6
2024-09-11,57343.2,57991.3,55567.3,57650.3,ETF_Era,4,37049.1
2024-09-12,58127.0,58534.4,57330.1,57343.2,ETF_Era,4,33835.7
2024-09-13,60571.3,60648.0,57650.1,58130.3,ETF_Era,4,32490.5
2024-09-14,60005.1,60656.7,59517.9,60569.1,ETF_Era,4,16428.4
2024-09-15,59182.8,60381.9,58696.3,60000.7,ETF_Era,4,18121.0
2024-09-16,58192.5,59205.5,57501.3,59185.2,ETF_Era,4,32032.8
2024-09-17,60308.5,61316.1,57628.1,58192.5,ETF_Era,4,38075.6
2024-09-18,61649.7,61664.1,59218.3,60309.0,ETF_Era,4,40990.7
2024-09-19,62940.5,63872.4,61609.9,61651.2,ETF_Era,4,42710.3
2024-09-20,63193.0,64119.5,62364.6,62941.4,ETF_Era,4,35177.2
2024-09-21,63394.8,63543.4,62783.1,63184.3,ETF_Era,4,14408.6
2024-09-22,63648.7,63993.4,62440.7,63396.8,ETF_Era,4,20183.3
2024-09-23,63329.8,64733.6,62628.1,63643.1,ETF_Era,4,31400.3
2024-09-24,64302.0,64695.2,62737.4,63326.8,ETF_Era,4,29938.3
2024-09-25,63143.1,64804.5,62945.4,64302.6,ETF_Era,4,25078.4
2024-09-26,65181.0,65790.8,62669.3,63138.5,ETF_Era,4,36873.1
2024-09-27,65790.7,66480.7,64853.0,65180.7,ETF_Era,4,32058.8
2024-09-28,65887.6,66255.5,65458.0,65792.2,ETF_Era,4,15243.6
2024-09-29,65635.3,66069.3,65450.0,65888.9,ETF_Era,4,14788.2
2024-09-30,63329.5,65635.1,62873.6,65634.7,ETF_Era,4,37113.0
2024-10-01,60837.0,64111.0,60189.3,63335.6,ETF_Era,4,50220.9
2024-10-02,60632.8,62357.7,59996.9,60836.3,ETF_Era,4,40762.7
2024-10-03,60759.4,61469.0,59878.8,60632.5,ETF_Era,4,36106.4
2024-10-04,62067.5,62466.0,60459.9,60754.6,ETF_Era,4,29585.5
2024-10-05,62089.9,62371.0,61689.6,62067.6,ETF_Era,4,13305.4
2024-10-06,62819.0,62959.6,61833.1,62085.0,ETF_Era,4,14776.2
2024-10-07,62236.7,64443.7,62152.6,62819.1,ETF_Era,4,34253.6
2024-10-08,62132.0,63174.3,61843.6,62221.6,ETF_Era,4,28134.5
2024-10-09,60582.1,62508.8,60314.6,62131.7,ETF_Era,4,27671.0
2024-10-10,60274.5,61236.7,58895.2,60581.9,ETF_Era,4,30452.8
2024-10-11,62445.1,63400.9,60046.1,60275.5,ETF_Era,4,30327.1
2024-10-12,63193.0,63448.8,62443.3,62444.6,ETF_Era,4,16744.1
2024-10-13,62851.4,63272.7,62035.6,63192.9,ETF_Era,4,18177.5
2024-10-14,66046.1,66482.5,62442.2,62848.4,ETF_Era,4,43707.0
2024-10-15,67041.1,67881.7,64809.2,66050.4,ETF_Era,4,48863.9
2024-10-16,67612.7,68375.3,66758.7,67042.5,ETF_Era,4,38195.2
2024-10-17,67399.8,67912.2,66647.4,67617.1,ETF_Era,4,32790.9
2024-10-18,68418.8,68969.8,67177.8,67419.1,ETF_Era,4,36857.2
2024-10-19,68362.7,68668.0,68024.6,68419.0,ETF_Era,4,14443.5
2024-10-20,69001.7,69359.0,68105.7,68364.2,ETF_Era,4,18975.8
2024-10-21,67367.9,69462.7,66829.9,69002.0,ETF_Era,4,37498.6
2024-10-22,67361.4,67801.6,66581.4,67360.7,ETF_Era,4,31808.5
2024-10-23,66432.2,67402.7,65188.0,67362.4,ETF_Era,4,32264.0
2024-10-24,68161.1,68799.0,66454.1,66653.7,ETF_Era,4,31414.4
2024-10-25,66642.4,68722.2,65521.8,68165.3,ETF_Era,4,41470.0
2024-10-26,67014.7,67317.9,66360.6,66628.7,ETF_Era,4,19588.1
2024-10-27,67929.3,68221.3,66847.2,67023.5,ETF_Era,4,16721.3
2024-10-28,69907.8,70212.3,67535.1,67922.7,ETF_Era,4,38799.9
2024-10-29,72720.5,73577.2,69729.9,69910.0,ETF_Era,4,58541.9
2024-10-30,72339.5,72905.3,71411.7,72715.4,ETF_Era,4,40646.6
2024-10-31,70215.2,72662.3,69590.5,72335.0,ETF_Era,4,40627.9
2024-11-01,69482.5,71559.0,68779.7,70216.9,ETF_Era,4,49989.8
2024-11-02,69289.3,69867.4,69033.7,69486.0,ETF_Era,4,18184.6
2024-11-03,68741.1,69361.7,67482.5,69296.4,ETF_Era,4,34868.3
2024-11-04,67811.5,69433.2,66803.6,68742.1,ETF_Era,4,41184.8
2024-11-05,69359.6,70522.8,67458.9,67811.2,ETF_Era,4,46046.9
2024-11-06,75639.1,76460.2,69322.0,69358.5,ETF_Era,4,118592.7
2024-11-07,75904.9,76943.1,74480.4,75637.1,ETF_Era,4,63467.7
2024-11-08,76545.5,77252.8,75648.7,75902.8,ETF_Era,4,55176.9
2024-11-09,76778.9,76932.8,75773.8,76556.2,ETF_Era,4,29009.5
2024-11-10,80474.2,81474.4,76565.4,76775.5,ETF_Era,4,82570.6
2024-11-11,88701.5,89604.5,80283.2,80471.4,ETF_Era,4,117966.8
2024-11-12,87955.8,89956.9,85155.1,88705.6,ETF_Era,4,133673.3
2024-11-13,90584.2,93434.4,86256.9,87930.0,ETF_Era,4,123559.0
2024-11-14,87250.4,91765.2,86682.8,90574.9,ETF_Era,4,87616.7
2024-11-15,91066.0,91868.7,87124.9,87284.2,ETF_Era,4,78243.1
2024-11-16,90558.5,91763.9,90094.2,91064.4,ETF_Era,4,44333.2
2024-11-17,89845.9,91433.0,88741.7,90558.5,ETF_Era,4,46350.2
2024-11-18,90542.6,92596.8,89393.6,89843.7,ETF_Era,4,75535.8
2024-11-19,92343.8,94002.9,90427.0,90536.8,ETF_Era,4,74521.0
2024-11-20,94339.5,94902.0,91619.5,92341.9,ETF_Era,4,71731.0
2024-11-21,98504.7,99014.2,94132.6,94334.6,ETF_Era,4,106024.5
2024-11-22,98997.7,99655.5,97222.7,98496.4,ETF_Era,4,78473.6
2024-11-23,97777.3,99014.7,97232.9,99006.7,ETF_Era,4,44414.6
2024-11-24,98013.8,98647.2,95788.1,97778.1,ETF_Era,4,51712.0
2024-11-25,93102.3,98935.0,92642.9,98033.4,ETF_Era,4,80909.5
2024-11-26,91985.3,94991.8,90770.8,93087.3,ETF_Era,4,91656.5
2024-11-27,95962.5,97361.2,91778.7,91978.1,ETF_Era,4,71133.5
2024-11-28,95652.5,96650.2,94677.4,95954.9,ETF_Era,4,52260.0
2024-11-29,97461.5,98693.2,95407.9,95654.0,ETF_Era,4,54968.7
2024-11-30,96449.1,97499.3,96144.2,97468.8,ETF_Era,4,31634.2
2024-12-01,97279.8,97888.1,95770.2,96461.3,ETF_Era,4,36590.7
2024-12-02,95865.3,98152.6,94482.9,97276.0,ETF_Era,4,72680.8
2024-12-03,96002.2,96297.2,93629.6,95854.6,ETF_Era,4,67067.8
2024-12-04,98768.5,99207.3,94660.5,95988.5,ETF_Era,4,77199.8
2024-12-05,96593.6,103900.5,91998.8,98741.5,ETF_Era,4,149218.9
2024-12-06,99920.7,102039.9,96514.9,97074.2,ETF_Era,4,94534.8
2024-12-07,99923.3,100563.4,99030.9,99916.7,ETF_Era,4,44177.5
2024-12-08,101236.0,101400.0,98771.5,99921.9,ETF_Era,4,44125.8
2024-12-09,97432.7,101272.5,94355.9,101237.1,ETF_Era,4,110676.5
2024-12-10,96675.4,98270.2,94321.3,97441.2,ETF_Era,4,104823.8
2024-12-11,101173.0,101913.4,95747.2,96656.1,ETF_Era,4,85391.4
2024-12-12,100043.0,102524.9,99340.0,101167.8,ETF_Era,4,72074.0
2024-12-13,101459.3,101888.8,99233.3,100046.6,ETF_Era,4,56894.8
2024-12-14,101373.0,102618.9,100634.1,101451.4,ETF_Era,4,40423.0
2024-12-15,104298.7,105047.5,101227.0,101373.5,ETF_Era,4,51145.9
2024-12-16,106029.7,107780.6,103323.0,104293.6,ETF_Era,4,91020.4
2024-12-17,106140.6,108268.4,105291.7,106030.7,ETF_Era,4,68589.4
2024-12-18,100041.5,106470.6,100041.5,106147.3,ETF_Era,4,93865.7
2024-12-19,97491.0,102748.1,95587.7,100070.7,ETF_Era,4,97221.7
2024-12-20,97755.9,98098.9,92175.2,97484.7,ETF_Era,4,105634.1
2024-12-21,97224.7,99507.1,96426.5,97756.2,ETF_Era,4,51765.3
2024-12-22,95104.9,97360.3,94202.2,97218.3,ETF_Era,4,43148.0
2024-12-23,94686.2,96416.2,92403.1,95099.4,ETF_Era,4,65239.0
2024-12-24,98676.1,99404.1,93448.0,94684.3,ETF_Era,4,47115.0
2024-12-25,99299.2,99478.8,97593.5,98675.9,ETF_Era,4,33700.4
2024-12-26,95795.5,99884.6,95137.9,99297.7,ETF_Era,4,47055.0
2024-12-27,94164.9,97294.8,93310.7,95705.0,ETF_Era,4,52419.9
2024-12-28,95163.9,95525.9,94014.3,94160.2,ETF_Era,4,24107.4
2024-12-29,93530.2,95174.9,92881.8,95174.1,ETF_Era,4,29635.9
2024-12-30,92643.2,94903.3,91317.1,93527.2,ETF_Era,4,56188.0
2024-12-31,93429.2,96090.6,91914.0,92643.2,ETF_Era,4,43625.1
2025-01-01,94419.8,94929.9,92788.1,93425.1,ETF_Era,4,24519.9
2025-01-02,96886.9,97739.8,94201.6,94416.3,ETF_Era,4,46009.6
2025-01-03,98107.4,98956.9,96034.6,96881.7,ETF_Era,4,35611.4
2025-01-04,98236.2,98734.4,97563.0,98107.0,ETF_Era,4,22342.6
2025-01-05,98315.0,98813.3,97291.8,98233.9,ETF_Era,4,20525.3
2025-01-06,102078.1,102482.9,97926.1,98315.0,ETF_Era,4,51823.4
2025-01-07,96922.7,102712.5,96132.9,102248.9,ETF_Era,4,58685.7
2025-01-08,95043.5,97258.3,92525.8,96924.2,ETF_Era,4,63875.9
2025-01-09,92484.0,95349.7,91220.8,95043.5,ETF_Era,4,62777.3
2025-01-10,94701.5,95770.6,92250.1,92494.5,ETF_Era,4,62058.7
2025-01-11,94566.6,94977.7,93840.0,94700.8,ETF_Era,4,18860.9
2025-01-12,94488.4,95367.5,93712.5,94565.7,ETF_Era,4,20885.1
2025-01-13,94516.5,95837.0,89260.1,94488.9,ETF_Era,4,72979.0
2025-01-14,96534.0,97352.7,94322.2,94519.0,ETF_Era,4,53769.7
2025-01-15,100504.5,100697.2,96501.6,96534.0,ETF_Era,4,57805.9
2025-01-16,99756.9,100781.6,97364.4,100505.3,ETF_Era,4,54103.8
2025-01-17,104462.0,105884.2,99948.9,100025.8,ETF_Era,4,71889.0
2025-01-18,104408.1,104913.2,102226.6,104125.0,ETF_Era,4,50445.7
2025-01-19,101089.6,106299.8,99570.5,104411.3,ETF_Era,4,76789.9
2025-01-20,102016.7,109114.9,99471.4,101083.8,ETF_Era,4,126279.7
2025-01-21,106146.3,107180.9,100104.0,102052.6,ETF_Era,4,88733.9
2025-01-22,103653.1,106294.3,103360.3,106136.4,ETF_Era,4,53878.2
2025-01-23,103960.2,106820.3,101257.8,103657.7,ETF_Era,4,104104.5
2025-01-24,104819.5,107098.5,102772.1,103965.7,ETF_Era,4,52388.2
2025-01-25,104714.6,105243.8,104120.4,104824.0,ETF_Era,4,23889.0
2025-01-26,102682.5,105438.6,102507.7,104713.2,ETF_Era,4,22543.4
2025-01-27,102087.7,103214.1,97795.9,102680.3,ETF_Era,4,89006.6
2025-01-28,101332.5,103730.8,100238.2,102095.4,ETF_Era,4,47180.7
2025-01-29,103703.2,104750.8,101283.8,101317.5,ETF_Era,4,47432.0
2025-01-30,104735.3,106418.8,103321.6,103709.3,ETF_Era,4,41915.7
2025-01-31,102405.0,106026.4,101543.9,104737.6,ETF_Era,4,45732.8
2025-02-01,100655.9,102755.7,100297.7,102402.8,ETF_Era,4,27757.9
2025-02-02,97689.0,101430.7,96216.1,100661.5,ETF_Era,4,63091.8
2025-02-03,101405.4,102514.2,91242.9,97681.1,ETF_Era,4,115400.9
2025-02-04,97871.8,101745.6,96208.1,101398.7,ETF_Era,4,73002.1
2025-02-05,96615.4,99113.2,96174.8,97878.0,ETF_Era,4,49125.9
2025-02-06,96593.3,99168.6,95707.4,96610.6,ETF_Era,4,45302.5
2025-02-07,96529.1,100154.1,95653.9,96581.3,ETF_Era,4,55741.3
2025-02-08,96482.5,96877.8,95702.5,96533.3,ETF_Era,4,22447.5
2025-02-09,96500.1,97325.3,94745.3,96481.3,ETF_Era,4,27732.9
2025-02-10,97437.6,98333.2,95320.8,96499.5,ETF_Era,4,40079.0
2025-02-11,95747.4,98492.9,94875.0,97438.1,ETF_Era,4,37488.8
2025-02-12,97885.9,98151.0,94101.2,95745.7,ETF_Era,4,49340.4
2025-02-13,96623.9,98111.1,95269.7,97888.8,ETF_Era,4,37147.3
2025-02-14,97509.0,98819.5,96342.8,96623.4,ETF_Era,4,32698.0
2025-02-15,97580.4,97975.0,97240.2,97508.4,ETF_Era,4,17047.3
2025-02-16,96175.0,97725.6,96061.0,97580.5,ETF_Era,4,16536.8
2025-02-17,95773.4,97032.2,95243.5,96179.0,ETF_Era,4,27336.6
2025-02-18,95539.5,96695.4,93388.8,95773.8,ETF_Era,4,37325.7
2025-02-19,96635.6,96855.6,95012.0,95532.5,ETF_Era,4,28990.9
2025-02-20,98333.9,98767.2,96442.7,96632.7,ETF_Era,4,31668.0
2025-02-21,96125.5,99498.0,94853.0,98340.7,ETF_Era,4,49608.7
2025-02-22,96577.8,96950.2,95765.3,96134.2,ETF_Era,4,18353.8
2025-02-23,96273.9,96671.9,95270.5,96577.8,ETF_Era,4,16999.5
2025-02-24,91418.2,96503.5,91371.7,96278.0,ETF_Era,4,44046.5
2025-02-25,88736.2,92511.1,86008.2,91437.1,ETF_Era,4,92139.1
2025-02-26,84347.0,89286.2,82131.9,88638.9,ETF_Era,4,64597.5
2025-02-27,84704.2,87000.8,83145.0,84076.9,ETF_Era,4,52659.6
2025-02-28,84373.0,85036.3,78248.9,84705.6,ETF_Era,4,83610.6
2025-03-01,86031.9,86522.3,83794.2,84373.9,ETF_Era,4,29190.6
2025-03-02,94248.4,95043.4,85040.2,86036.3,ETF_Era,4,58398.3
2025-03-03,86065.7,94429.8,85081.3,94248.4,ETF_Era,4,70072.2
2025-03-04,87222.2,88911.3,81529.2,86064.1,ETF_Era,4,68095.2
2025-03-05,90623.6,90998.2,86379.8,87223.0,ETF_Era,4,50499.0
2025-03-06,89961.7,92804.9,87852.1,90622.4,ETF_Era,4,47749.8
2025-03-07,86742.7,91191.0,84717.7,89963.3,ETF_Era,4,65945.7
2025-03-08,86154.6,86847.3,85247.5,86742.7,ETF_Era,4,18206.1
2025-03-09,80601.0,86471.1,80052.5,86154.3,ETF_Era,4,30899.3
2025-03-10,78532.0,83955.9,77420.6,80597.1,ETF_Era,4,54061.1
2025-03-11,82862.2,83577.8,76624.2,78523.9,ETF_Era,4,54702.8
2025-03-12,83722.4,84358.6,80635.2,82857.4,ETF_Era,4,40353.5
2025-03-13,81066.7,84301.7,79931.9,83724.9,ETF_Era,4,31412.9
2025-03-14,83969.1,85263.3,80797.6,81067.0,ETF_Era,4,29588.1
2025-03-15,84343.1,84672.7,83639.6,83968.4,ETF_Era,4,13650.5
2025-03-16,82579.7,85051.6,82017.9,84333.3,ETF_Era,4,21330.3
2025-03-17,84075.7,84725.3,82492.2,82576.3,ETF_Era,4,25092.8
2025-03-18,82718.5,84075.7,81180.0,84075.7,ETF_Era,4,24095.8
2025-03-19,86854.2,87021.2,82569.7,82718.8,ETF_Era,4,34932.0
2025-03-20,84167.2,87443.3,83647.2,86873.0,ETF_Era,4,29029.0
2025-03-21,84043.2,84782.3,83171.1,84164.5,ETF_Era,4,19030.5
2025-03-22,83832.5,84513.9,83674.8,84046.3,ETF_Era,4,9863.2
2025-03-23,86054.4,86094.8,83794.9,83831.9,ETF_Era,4,12594.6
2025-03-24,87498.9,88758.7,85541.2,86070.9,ETF_Era,4,34582.6
2025-03-25,87471.7,88542.4,86346.1,87512.8,ETF_Era,4,30005.8
2025-03-26,86900.9,88292.2,85861.5,87460.2,ETF_Era,4,26704.0
2025-03-27,87177.1,87786.7,85837.9,86896.3,ETF_Era,4,24413.5
2025-03-28,84353.1,87489.9,83557.6,87185.2,ETF_Era,4,34198.6
2025-03-29,82597.6,84567.3,81634.1,84352.1,ETF_Era,4,16969.4
2025-03-30,82334.5,83505.0,81573.2,82597.0,ETF_Era,4,14763.8
2025-03-31,82548.9,83870.1,81293.9,82336.1,ETF_Era,4,29004.2
2025-04-01,85169.2,85487.4,82429.4,82551.9,ETF_Era,4,28175.7
2025-04-02,82485.7,88467.0,82343.5,85180.6,ETF_Era,4,47584.4
2025-04-03,83102.8,83909.3,81282.1,82487.5,ETF_Era,4,36852.1
2025-04-04,83843.8,84696.1,81670.8,83100.2,ETF_Era,4,45157.6
2025-04-05,83504.8,84207.0,82377.7,83844.7,ETF_Era,4,14380.8
2025-04-06,78214.5,83704.7,77097.7,83504.5,ETF_Era,4,36294.9
2025-04-07,79235.3,81119.1,74436.7,78221.3,ETF_Era,4,91262.4
2025-04-08,76272.0,80823.9,76198.0,79218.5,ETF_Era,4,48314.6
2025-04-09,82574.0,83541.0,74589.7,76273.6,ETF_Era,4,84213.6
2025-04-10,79626.1,82700.9,78456.1,82566.0,ETF_Era,4,44718.0
2025-04-11,83404.8,84247.5,78936.3,79625.0,ETF_Era,4,41656.8
2025-04-12,85287.1,85856.2,82769.4,83404.5,ETF_Era,4,24258.1
2025-04-13,83685.0,86015.2,83027.0,85279.5,ETF_Era,4,28797.0
2025-04-14,84542.4,85785.0,83690.6,83694.5,ETF_Era,4,34090.8
2025-04-15,83669.0,86429.4,83598.8,84539.7,ETF_Era,4,28040.3
2025-04-16,84033.9,85428.3,83100.6,83674.5,ETF_Era,4,29617.8
2025-04-17,84895.8,85449.1,83749.8,84030.7,ETF_Era,4,21276.9
2025-04-18,84450.8,85095.0,84298.9,84900.2,ETF_Era,4,12728.4
2025-04-19,85063.4,85597.7,84353.5,84450.9,ETF_Era,4,15259.3
2025-04-20,85174.3,85306.4,83976.8,85066.1,ETF_Era,4,14664.1
2025-04-21,87518.9,88460.1,85143.8,85171.5,ETF_Era,4,41396.2
2025-04-22,93441.9,93817.4,87084.5,87521.9,ETF_Era,4,55899.0
2025-04-23,93699.1,94535.7,91963.0,93427.6,ETF_Era,4,41719.6
2025-04-24,93943.8,94016.2,91696.7,93692.4,ETF_Era,4,31483.2
2025-04-25,94720.5,95768.4,92898.6,93954.2,ETF_Era,4,40915.2
2025-04-26,94646.9,95251.4,93927.2,94714.6,ETF_Era,4,17612.8
2025-04-27,93754.8,95301.2,93665.4,94660.9,ETF_Era,4,18090.4
2025-04-28,94978.8,95598.5,92860.8,93755.3,ETF_Era,4,32363.4
2025-04-29,94284.8,95485.4,93796.6,94981.9,ETF_Era,4,25806.1
2025-04-30,94207.3,95249.3,92979.6,94286.5,ETF_Era,4,28344.7
2025-05-01,96492.3,97438.0,94153.6,94212.9,ETF_Era,4,32875.9
2025-05-02,96910.1,97905.9,96375.9,96495.0,ETF_Era,4,26421.9
2025-05-03,95891.8,96943.9,95821.3,96904.6,ETF_Era,4,15775.2
2025-05-04,94316.0,96318.9,94173.4,95877.2,ETF_Era,4,18198.7
2025-05-05,94748.1,95193.2,93566.3,94319.6,ETF_Era,4,25816.3
2025-05-06,96802.5,96889.2,93399.9,94748.4,ETF_Era,4,26551.3
2025-05-07,97032.3,97625.8,95829.3,96800.2,ETF_Era,4,76983.8
2025-05-08,103241.5,103969.5,96913.9,97034.2,ETF_Era,4,69895.4
2025-05-09,102970.9,104297.5,102343.1,103239.1,ETF_Era,4,58198.6
2025-05-10,104696.3,104961.8,102830.5,102973.7,ETF_Era,4,42276.7
2025-05-11,104106.4,104938.0,103364.7,104701.1,ETF_Era,4,46285.5
2025-05-12,102813.0,105747.5,100814.4,104107.0,ETF_Era,4,63250.5
2025-05-13,104169.8,104997.4,101515.1,102812.5,ETF_Era,4,52608.9
2025-05-14,103539.4,104303.6,102618.3,104167.3,ETF_Era,4,45956.1
2025-05-15,103744.6,104153.6,101440.8,103538.8,ETF_Era,4,50408.2
2025-05-16,103489.3,104533.5,103137.5,103735.7,ETF_Era,4,44386.5
2025-05-17,103191.1,103716.9,102659.2,103489.3,ETF_Era,4,37898.6
2025-05-18,106446.0,106597.2,103142.6,103187.0,ETF_Era,4,49887.1
2025-05-19,105606.2,107068.7,102112.7,106430.5,ETF_Era,4,61761.1
2025-05-20,106791.1,107307.1,104206.5,105605.4,ETF_Era,4,36515.7
2025-05-21,109678.1,110724.5,106127.2,106791.3,ETF_Era,4,78086.4
2025-05-22,111673.3,111970.2,109285.1,109673.5,ETF_Era,4,70157.6
2025-05-23,107287.8,111798.9,106841.3,111679.4,ETF_Era,4,67548.1
2025-05-24,107791.2,109454.5,106895.3,107278.5,ETF_Era,4,45903.6
2025-05-25,109035.4,109313.3,106683.4,107802.3,ETF_Era,4,47518.0
2025-05-26,109440.4,110376.9,108735.6,109023.8,ETF_Era,4,45950.5
2025-05-27,108994.6,110744.2,107609.6,109440.4,ETF_Era,4,57450.2
2025-05-28,107802.3,109298.3,106812.9,108992.2,ETF_Era,4,49155.4
2025-05-29,105641.8,108910.0,105374.4,107795.6,ETF_Era,4,56022.8
2025-05-30,103998.6,106308.9,103685.8,105646.2,ETF_Era,4,57655.3
2025-05-31,104638.1,104927.1,103136.1,103994.7,ETF_Era,4,38997.8
2025-06-01,105652.1,105884.5,103827.0,104637.3,ETF_Era,4,37397.1
2025-06-02,105881.5,105958.3,103727.5,105649.8,ETF_Era,4,45819.7
2025-06-03,105432.5,106813.6,104920.8,105888.5,ETF_Era,4,46196.5
2025-06-04,104732.0,105997.7,104232.7,105434.4,ETF_Era,4,44544.9
2025-06-05,101576.0,105936.7,100436.9,104750.8,ETF_Era,4,57479.3
2025-06-06,104390.3,105376.8,101169.6,101574.4,ETF_Era,4,48856.7
2025-06-07,105615.6,105972.8,103987.3,104390.6,ETF_Era,4,38365.0
2025-06-08,105793.6,106497.1,105075.3,105617.5,ETF_Era,4,36626.2
2025-06-09,110294.1,110561.4,105400.2,105793.0,ETF_Era,4,55903.2
2025-06-10,110257.2,110380.1,108367.7,110295.7,ETF_Era,4,54700.1
2025-06-11,108686.6,110384.2,108086.3,110261.8,ETF_Era,4,50842.7
2025-06-12,105929.1,108780.7,105785.7,108685.9,ETF_Era,4,54843.9
2025-06-13,106091.0,106182.5,102822.0,105924.6,ETF_Era,4,69550.4
2025-06-14,105472.4,106203.8,104379.4,106108.1,ETF_Era,4,38007.9
2025-06-15,105552.0,106157.1,104519.9,105464.8,ETF_Era,4,36744.3
2025-06-16,106796.8,108915.4,104997.6,105555.6,ETF_Era,4,50366.6
2025-06-17,104601.1,107750.2,103396.5,106794.1,ETF_Era,4,55964.1
2025-06-18,104883.3,105581.9,103602.3,104602.1,ETF_Era,4,47318.1
2025-06-19,104684.3,105250.9,103940.8,104886.8,ETF_Era,4,37333.8
2025-06-20,103309.6,106539.4,102372.2,104681.0,ETF_Era,4,50951.9
2025-06-21,102257.4,104015.8,100973.1,103315.1,ETF_Era,4,38360.6
2025-06-22,100987.1,103351.6,98286.2,102212.0,ETF_Era,4,65537.0
2025-06-23,105577.8,106116.9,99705.8,100987.5,ETF_Era,4,65237.8
2025-06-24,106045.6,106316.8,104740.2,105571.5,ETF_Era,4,48823.0
2025-06-25,107361.3,108168.4,105881.4,106047.4,ETF_Era,4,51624.1
2025-06-26,106960.0,108305.5,106666.4,107375.1,ETF_Era,4,43892.0
2025-06-27,107088.4,107772.5,106450.0,106954.9,ETF_Era,4,45353.7
2025-06-28,107327.7,107567.9,106884.0,107090.5,ETF_Era,4,30037.7
2025-06-29,108385.6,108526.3,107230.1,107327.8,ETF_Era,4,35534.9
2025-06-30,107135.3,108798.8,106759.6,108383.4,ETF_Era,4,42064.8
2025-07-01,105698.3,107550.7,105270.2,107144.4,ETF_Era,4,44110.7
2025-07-02,108859.3,109763.7,105157.4,105703.1,ETF_Era,4,56248.7
2025-07-03,109648.0,110541.5,108605.8,108845.0,ETF_Era,4,50494.7
2025-07-04,108034.3,109752.0,107296.4,109635.7,ETF_Era,4,42616.4
2025-07-05,108231.2,108381.3,107842.3,108015.8,ETF_Era,4,30615.5
2025-07-06,109232.1,109731.6,107847.0,108231.2,ETF_Era,4,36746.0
2025-07-07,108299.9,109710.2,107527.1,109235.3,ETF_Era,4,45415.7
2025-07-08,108950.3,109199.0,107499.6,108298.2,ETF_Era,4,44282.2
2025-07-09,111326.6,111925.4,108357.7,108950.3,ETF_Era,4,57927.4
2025-07-10,115987.2,116608.8,110660.8,111329.2,ETF_Era,4,95911.6
2025-07-11,117517.0,118856.5,115245.7,115986.2,ETF_Era,4,86928.4
2025-07-12,117435.2,118219.9,116977.0,117530.7,ETF_Era,4,45524.6
2025-07-13,119116.1,119449.6,117265.4,117432.2,ETF_Era,4,49021.1
2025-07-14,119849.7,123091.6,118959.2,119115.8,ETF_Era,4,181746.4
2025-07-15,117777.2,119935.6,115765.7,119853.9,ETF_Era,4,98321.7
2025-07-16,118738.5,120065.5,117064.8,117777.2,ETF_Era,4,72162.0
2025-07-17,119289.8,120999.6,117508.2,118738.5,ETF_Era,4,72363.8
2025-07-18,118003.2,120851.9,116926.0,119284.1,ETF_Era,4,77945.8
2025-07-19,117940.0,118541.4,117388.4,117998.1,ETF_Era,4,47564.6
2025-07-20,117300.8,118865.0,116550.1,117944.1,ETF_Era,4,57515.4
2025-07-21,117439.5,119671.6,116584.4,117306.5,ETF_Era,4,69820.1
2025-07-22,119995.4,120270.0,116233.2,117426.5,ETF_Era,4,79217.6
2025-07-23,118755.0,120113.4,117391.4,119997.4,ETF_Era,4,66608.6
2025-07-24,118368.0,119535.5,117248.0,118771.0,ETF_Era,4,72627.3
2025-07-25,117635.9,118487.0,114759.8,118368.0,ETF_Era,4,104857.0
2025-07-26,117947.4,118335.7,117181.2,117644.8,ETF_Era,4,48509.0
2025-07-27,119448.5,119815.6,117859.7,117944.7,ETF_Era,4,54683.4
2025-07-28,117924.5,119819.8,117441.4,119457.5,ETF_Era,4,64822.9
2025-07-29,117922.1,119273.9,116987.4,117938.6,ETF_Era,4,68463.1
2025-07-30,117831.2,118780.7,115800.8,117922.0,ETF_Era,4,68896.1
2025-07-31,115758.2,118920.0,115505.2,117833.6,ETF_Era,4,69370.3
2025-08-01,113320.1,116060.8,112724.4,115739.0,ETF_Era,4,91294.5
2025-08-02,112526.9,114021.6,112005.8,113320.4,ETF_Era,4,56870.9
2025-08-03,114217.7,114747.4,111943.8,112525.8,ETF_Era,4,48099.6
2025-08-04,115071.9,115729.5,114130.4,114223.9,ETF_Era,4,35783.0
2025-08-05,114141.4,115117.4,112701.1,115072.2,ETF_Era,4,61039.2
2025-08-06,115028.0,115737.8,113372.2,114140.9,ETF_Era,4,56379.1
2025-08-07,117496.9,117676.9,114279.7,115030.1,ETF_Era,4,64051.6
2025-08-08,116688.7,117689.2,115917.5,117505.5,ETF_Era,4,59713.0
2025-08-09,116500.4,117906.6,116363.8,116678.3,ETF_Era,4,54004.3
2025-08-10,119306.8,119320.7,116485.2,116497.7,ETF_Era,4,64755.5
2025-08-11,118731.4,122321.1,118159.0,119306.8,ETF_Era,4,90528.8
2025-08-12,120172.9,120302.5,118228.7,118717.7,ETF_Era,4,72803.7
2025-08-13,123344.1,123682.5,118939.6,120169.0,ETF_Era,4,90904.8
2025-08-14,118359.6,124457.1,117254.9,123339.4,ETF_Era,4,104055.6
2025-08-15,117398.4,119332.3,116864.6,118365.8,ETF_Era,4,68665.4
2025-08-16,117491.4,117996.1,117272.0,117398.4,ETF_Era,4,48036.9
2025-08-17,117453.1,118595.8,117279.5,117492.8,ETF_Era,4,45852.2
2025-08-18,116252.3,117614.2,114723.7,117453.9,ETF_Era,4,72787.8
2025-08-19,112831.2,116764.5,112730.4,116241.9,ETF_Era,4,71657.6
2025-08-20,114274.7,114625.8,112388.0,112828.0,ETF_Era,4,67993.8
2025-08-21,112419.0,114802.6,111986.2,114275.7,ETF_Era,4,57817.9
2025-08-22,116874.1,117377.4,111678.9,112433.7,ETF_Era,4,82528.1
2025-08-23,115374.3,116996.2,114536.1,116866.4,ETF_Era,4,55377.1
2025-08-24,113458.4,115615.1,111060.5,115387.4,ETF_Era,4,73961.5
2025-08-25,110124.4,113637.8,109324.3,113456.9,ETF_Era,4,85706.9
2025-08-26,111802.7,112397.0,108762.0,110124.1,ETF_Era,4,69396.3
2025-08-27,111222.1,112619.4,110398.3,111795.7,ETF_Era,4,62137.1
2025-08-28,112544.8,113450.1,110900.9,111219.1,ETF_Era,4,58860.2
2025-08-29,108410.8,112619.1,107559.6,112550.5,ETF_Era,4,77843.4
2025-08-30,108808.1,108929.4,107444.4,108409.4,ETF_Era,4,51486.3
2025-08-31,108236.7,109491.0,108104.7,108818.5,ETF_Era,4,47986.2
2025-09-01,109250.6,109890.6,107271.2,108228.8,ETF_Era,4,66870.4
2025-09-02,111200.6,111748.0,108454.0,109243.1,ETF_Era,4,74777.0
2025-09-03,111723.2,112600.2,110583.0,111190.7,ETF_Era,4,61119.6
2025-09-04,110723.6,112208.3,109347.2,111718.1,ETF_Era,4,60131.1
2025-09-05,110651.0,113357.5,110233.4,110723.0,ETF_Era,4,60241.6
2025-09-06,110224.7,111275.0,110024.1,110650.6,ETF_Era,4,21500.7
2025-09-07,111167.6,111591.1,110211.6,110221.3,ETF_Era,4,24618.0
2025-09-08,112071.4,112869.2,110630.6,111163.0,ETF_Era,4,40212.8
2025-09-09,111530.5,113225.4,110776.7,112077.6,ETF_Era,4,45984.5
2025-09-10,113955.4,114275.2,110940.1,111531.2,ETF_Era,4,56377.5
2025-09-11,115507.5,115522.5,113453.8,113961.4,ETF_Era,4,45685.1
2025-09-12,116101.6,116769.4,114794.5,115507.8,ETF_Era,4,54785.7
2025-09-13,115950.5,116334.6,115248.3,116093.6,ETF_Era,4,34549.5
2025-09-14,115407.7,116181.5,115222.4,115950.3,ETF_Era,4,32798.0
2025-09-15,115444.9,116747.9,114461.1,115399.6,ETF_Era,4,52937.9
2025-09-16,116843.2,117005.3,114813.1,115423.8,ETF_Era,4,45781.7
2025-09-17,116468.5,117328.6,114795.0,116840.5,ETF_Era,4,60528.0
2025-09-18,117137.2,117911.8,116188.8,116461.3,ETF_Era,4,49457.3
2025-09-19,115688.9,117479.8,115141.8,117137.7,ETF_Era,4,38828.5
2025-09-20,115722.0,116191.1,115473.5,115691.1,ETF_Era,4,22864.4
2025-09-21,115306.1,115901.1,115252.6,115730.2,ETF_Era,4,22495.9
2025-09-22,112748.5,115431.3,112037.6,115309.2,ETF_Era,4,70684.2
2025-09-23,112014.5,113351.9,111535.6,112757.5,ETF_Era,4,47211.9
2025-09-24,113328.6,113986.3,111229.6,112007.7,ETF_Era,4,48044.6
2025-09-25,109049.3,113541.1,108713.4,113330.2,ETF_Era,4,75528.7
2025-09-26,109712.8,110359.2,108729.0,109041.3,ETF_Era,4,57738.3
2025-09-27,109681.9,109778.5,109144.3,109707.1,ETF_Era,4,26308.0
2025-09-28,112122.6,112375.5,109236.9,109681.9,ETF_Era,4,33371.0
2025-09-29,114400.4,114473.6,111590.0,112117.9,ETF_Era,4,60000.1
2025-09-30,114056.1,114836.6,112740.6,114396.5,ETF_Era,4,58986.3
2025-10-01,118648.9,118648.9,113981.4,114057.6,ETF_Era,4,71328.7
2025-10-02,120681.3,121086.4,118383.2,118652.4,ETF_Era,4,71415.2
2025-10-03,122266.5,123944.7,119344.3,120657.0,ETF_Era,4,83941.4
2025-10-04,122425.4,122857.6,121577.6,122267.5,ETF_Era,4,36769.2
2025-10-05,123513.5,125559.2,122192.0,122419.7,ETF_Era,4,73689.3
2025-10-06,124752.5,126198.1,123196.0,123510.5,ETF_Era,4,72568.9
2025-10-07,121451.4,125184.0,120682.0,124752.1,ETF_Era,4,76149.4
2025-10-08,123354.9,124167.1,121119.2,121448.4,ETF_Era,4,65354.3
2025-10-09,121705.6,123739.3,119812.0,123337.1,ETF_Era,4,74653.0
2025-10-10,113214.4,122509.7,104582.4,121704.7,ETF_Era,4,153125.0
2025-10-11,110807.9,113429.7,109760.6,113236.4,ETF_Era,4,110236.9
2025-10-12,115169.8,115805.1,109715.5,110811.5,ETF_Era,4,93710.4
2025-10-13,115271.1,116020.5,113821.2,115161.7,ETF_Era,4,71582.0
2025-10-14,113118.7,115502.9,110029.5,115264.9,ETF_Era,4,92212.9
2025-10-15,110783.2,113622.4,110235.8,113114.0,ETF_Era,4,72574.1
2025-10-16,108186.0,111990.8,107537.0,110782.2,ETF_Era,4,87306.4
2025-10-17,106467.8,109235.8,103598.4,108179.1,ETF_Era,4,99703.1
2025-10-18,107198.3,107491.0,106387.5,106483.7,ETF_Era,4,37779.9
2025-10-19,108666.7,109489.0,106157.8,107204.3,ETF_Era,4,47657.0
2025-10-20,110588.9,111711.0,107485.0,108667.4,ETF_Era,4,63507.8
2025-10-21,108476.9,113996.3,107534.8,110587.6,ETF_Era,4,101194.4
2025-10-22,107688.6,109115.1,106778.0,108491.5,ETF_Era,4,80807.0
2025-10-23,110069.7,111288.6,107548.4,107679.4,ETF_Era,4,54944.1
2025-10-24,111033.9,111842.5,109770.1,110069.4,ETF_Era,4,48160.8
2025-10-25,111641.7,111947.7,110704.4,111032.6,ETF_Era,4,24707.7
2025-10-26,114472.4,115260.9,111268.5,111639.1,ETF_Era,4,41708.5
2025-10-27,114119.3,116273.3,113882.3,114479.9,ETF_Era,4,61761.4
2025-10-28,112956.2,116079.0,112291.7,114129.1,ETF_Era,4,64528.1
2025-10-29,110055.3,113642.7,109368.7,112921.3,ETF_Era,4,62192.0
2025-10-30,108305.5,111612.4,106376.7,110059.2,ETF_Era,4,69674.0
2025-10-31,109556.2,111031.8,108288.3,108304.4,ETF_Era,4,60090.4
2025-11-01,110064.0,110574.9,109373.0,109558.6,ETF_Era,4,25871.7
2025-11-02,110639.6,111167.3,109523.5,110064.4,ETF_Era,4,34284.2
2025-11-03,106547.5,110764.9,105336.4,110646.9,ETF_Era,4,72852.0
2025-11-04,101590.5,107264.9,98962.1,106541.4,ETF_Era,4,110967.2
2025-11-05,103891.8,104534.7,98989.9,101579.2,ETF_Era,4,77584.9
2025-11-06,101301.3,104147.3,100336.9,103893.7,ETF_Era,4,63932.8
2025-11-07,103372.4,104052.9,99257.1,101286.2,ETF_Era,4,92168.0
2025-11-08,102282.1,103373.6,101458.0,103371.7,ETF_Era,4,51446.7
2025-11-09,104719.6,105418.4,101468.9,102279.0,ETF_Era,4,59679.2
2025-11-10,105996.6,106564.7,104350.6,104723.8,ETF_Era,4,69585.9
2025-11-11,102997.5,107428.3,102457.3,105996.9,ETF_Era,4,71130.1
2025-11-12,101663.2,105297.2,100836.6,103011.4,ETF_Era,4,64347.2
2025-11-13,99697.5,104005.5,97988.7,101674.1,ETF_Era,4,101546.8
2025-11-14,94397.8,99804.4,94000.7,99694.7,ETF_Era,4,114346.4
2025-11-15,95549.1,96728.5,94420.5,94420.5,ETF_Era,4,38500.7
2025-11-16,94177.1,96564.2,92971.2,95556.9,ETF_Era,4,71086.2
2025-11-17,92093.9,95928.4,91214.8,94180.9,ETF_Era,4,94186.2
2025-11-18,92948.9,93745.1,89300.5,92094.5,ETF_Era,4,101333.6
2025-11-19,91466.0,92946.2,88526.8,92946.2,ETF_Era,4,80350.4
2025-11-20,86631.9,93025.1,86040.8,91459.4,ETF_Era,4,97970.6
2025-11-21,85090.7,87380.8,80659.8,86528.8,ETF_Era,4,129157.5
2025-11-22,84648.4,85503.0,83490.9,85098.6,ETF_Era,4,40793.1
2025-11-23,86805.0,88038.5,84641.8,84648.6,ETF_Era,4,58083.4
2025-11-24,88270.6,89206.3,85272.2,86798.8,ETF_Era,4,74433.9
2025-11-25,87341.9,88457.3,86131.4,88270.0,ETF_Era,4,64837.3
2025-11-26,90518.4,90581.2,86316.9,87345.6,ETF_Era,4,66496.3
2025-11-27,91285.4,91897.6,90089.5,90517.8,ETF_Era,4,57040.6
2025-11-28,90919.3,92969.1,90257.1,91285.4,ETF_Era,4,60895.8
2025-11-29,90851.8,91187.6,90260.2,90918.7,ETF_Era,4,37921.8
2025-11-30,90394.3,91965.0,90394.3,90838.2,ETF_Era,4,38497.9
2025-12-01,86321.6,90398.2,83862.2,90389.1,ETF_Era,4,87962.9
2025-12-02,91350.2,92316.6,86202.2,86322.5,ETF_Era,4,78546.8
2025-12-03,93527.8,94060.8,91056.4,91345.1,ETF_Era,4,77650.2
2025-12-04,92141.6,94038.2,90976.1,93454.3,ETF_Era,4,64538.4
2025-12-05,89387.8,92702.6,88152.1,92133.6,ETF_Era,4,63256.4
2025-12-06,89272.4,90267.5,88951.7,89389.4,ETF_Era,4,37994.0
2025-12-07,90405.6,91740.8,87799.6,89277.8,ETF_Era,4,47394.9
2025-12-08,90640.2,92267.1,89644.9,90424.6,ETF_Era,4,57394.1
2025-12-09,92691.7,94601.6,89587.0,90639.7,ETF_Era,4,66861.7
2025-12-10,92020.9,94477.2,91640.1,92695.2,ETF_Era,4,65420.7
2025-12-11,92511.3,93554.3,89335.3,92011.3,ETF_Era,4,64532.8
2025-12-12,90270.4,92747.9,89532.6,92513.7,ETF_Era,4,80275.9
2025-12-13,90298.7,90647.6,89801.0,90257.8,ETF_Era,4,64237.7
2025-12-14,88175.2,90498.1,87634.9,90296.4,ETF_Era,4,50466.0
2025-12-15,86419.8,89983.9,85304.1,88171.1,ETF_Era,4,45559.5
2025-12-16,87844.0,88170.1,85381.7,86424.4,ETF_Era,4,41262.2
2025-12-17,86143.8,90264.6,85316.3,87847.6,ETF_Era,4,44243.4
2025-12-18,85462.5,89412.7,84436.3,86144.4,ETF_Era,4,52667.1
2025-12-19,88103.4,89339.1,85107.7,85476.1,ETF_Era,4,46733.3
2025-12-20,88344.0,88497.2,87924.9,88101.7,ETF_Era,4,14688.2
2025-12-21,88621.8,89028.0,87613.2,88344.7,ETF_Era,4,19845.5
2025-12-22,88490.0,90501.9,87908.1,88621.4,ETF_Era,4,38047.5
2025-12-23,87414.0,88898.4,86607.0,88490.0,ETF_Era,4,43683.0
2025-12-24,87612.0,87956.9,86411.8,87404.3,ETF_Era,4,25550.3
2025-12-25,87234.7,88501.8,86949.3,87608.3,ETF_Era,4,19953.2
2025-12-26,87301.4,89459.4,86628.1,87235.5,ETF_Era,4,42455.7
2025-12-27,87802.2,87874.8,87183.0,87301.4,ETF_Era,4,13741.2
2025-12-28,87835.8,87986.9,87395.0,87799.3,ETF_Era,4,15156.6
2025-12-29,87138.1,90299.2,86717.9,87835.8,ETF_Era,4,48411.6
2025-12-30,88430.1,89297.9,86735.5,87134.4,ETF_Era,4,35586.4
2025-12-31,87508.8,89080.3,87130.6,88429.6,ETF_Era,4,33830.2
2026-01-01,88732.0,88803.2,87399.4,87508.0,ETF_Era,4,18849.0
2026-01-02,89944.7,90884.5,88298.6,88733.1,ETF_Era,4,46398.9
2026-01-03,90603.2,90679.6,89328.1,89945.1,ETF_Era,4,20774.8
2026-01-04,91413.5,91712.6,90595.1,90603.0,ETF_Era,4,26770.5
2026-01-05,93882.6,94762.1,91414.6,91414.6,ETF_Era,4,53376.4
2026-01-06,93729.0,94395.3,91286.5,93876.9,ETF_Era,4,52430.6
2026-01-07,91308.1,93738.8,90601.8,93727.5,ETF_Era,4,43461.3
2026-01-08,91027.1,91485.9,89233.9,91309.6,ETF_Era,4,42386.7
2026-01-09,90513.1,91910.7,89625.4,91026.3,ETF_Era,4,38305.9
2026-01-10,90386.6,90713.0,90283.4,90510.1,ETF_Era,4,12385.9
2026-01-11,90827.5,91155.2,90212.0,90385.4,ETF_Era,4,17165.6
2026-01-12,91193.0,92395.5,90055.0,90825.9,ETF_Era,4,41346.3
2026-01-13,95321.8,96011.6,90941.9,91185.3,ETF_Era,4,54980.7
2026-01-14,96929.3,97860.6,94583.0,95322.9,ETF_Era,4,60592.5
2026-01-15,95551.2,97150.2,95103.2,96931.3,ETF_Era,4,53086.4
2026-01-16,95525.1,95801.9,94259.3,95554.1,ETF_Era,4,33248.2
2026-01-17,95099.9,95598.5,95005.6,95525.2,ETF_Era,4,16021.7
2026-01-18,93634.4,95491.5,93588.9,95101.2,ETF_Era,4,20809.8
2026-01-19,92553.6,93660.8,92089.2,93655.7,ETF_Era,4,39195.2
2026-01-20,88310.9,92798.4,87814.9,92553.6,ETF_Era,4,53073.0
2026-01-21,89377.0,90430.4,87231.6,88326.5,ETF_Era,4,56330.4
2026-01-22,89462.5,90259.0,88438.4,89378.5,ETF_Era,4,35549.7
2026-01-23,89503.9,91100.2,88486.4,89462.0,ETF_Era,4,38997.6
2026-01-24,89110.7,89811.6,89044.3,89506.1,ETF_Era,4,14558.7
2026-01-25,86572.2,89193.1,86003.7,89104.8,ETF_Era,4,36125.0
2026-01-26,88267.1,88743.1,86429.3,86566.5,ETF_Era,4,45329.3
2026-01-27,89102.6,89427.1,87228.9,88257.5,ETF_Era,4,38744.9
2026-01-28,89184.6,90439.3,88721.5,89104.0,ETF_Era,4,39807.4
2026-01-29,84561.6,89200.8,83250.6,89169.9,ETF_Era,4,64653.1
2026-01-30,84128.7,84602.2,81071.5,84562.7,ETF_Era,4,72083.8
2026-01-31,78621.1,84136.9,75815.9,84126.5,ETF_Era,4,70479.3
2026-02-01,76974.4,79322.6,75698.9,78626.1,ETF_Era,4,53372.5
2026-02-02,78688.8,79258.6,74551.3,76968.9,ETF_Era,4,75140.6
2026-02-03,75633.5,79118.9,72897.1,78693.5,ETF_Era,4,68249.1
2026-02-04,73019.7,76864.7,71779.9,75640.1,ETF_Era,4,67215.4
2026-02-05,62702.1,73161.6,62353.5,73016.4,ETF_Era,4,125509.4
2026-02-06,70555.4,71681.3,60074.2,62704.5,ETF_Era,4,114674.3
2026-02-07,69282.0,71611.1,67364.4,70553.8,ETF_Era,4,62347.1
2026-02-08,70264.7,72206.9,68852.9,69283.7,ETF_Era,4,39721.7
2026-02-09,70120.8,71370.0,68291.0,70243.3,ETF_Era,4,52081.6
2026-02-10,68794.0,70464.3,67913.1,70137.4,ETF_Era,4,40593.1
2026-02-11,66992.0,69242.7,65757.3,68791.9,ETF_Era,4,49671.9
2026-02-12,66221.8,68339.5,65092.1,66992.2,ETF_Era,4,44651.1
2026-02-13,68857.8,69382.8,65835.8,66213.4,ETF_Era,4,40820.8
2026-02-14,69767.6,70481.2,68706.6,68857.0,ETF_Era,4,36012.4
2026-02-15,68788.2,70939.3,68052.5,69765.0,ETF_Era,4,40191.2
2026-02-16,68843.2,70067.2,67301.6,68782.4,ETF_Era,4,33618.1
2026-02-17,67494.2,69201.9,66615.3,68843.1,ETF_Era,4,34866.9
2026-02-18,66425.3,68434.4,65845.9,67488.0,ETF_Era,4,33094.3
2026-02-19,66957.5,67277.1,65637.4,66425.6,ETF_Era,4,31493.0
2026-02-20,68005.4,68269.0,66452.5,66958.6,ETF_Era,4,47507.9
